2026-02-15 13:14:35.410 [main] INFO  com.han.PetcareManagementPlatformApplication-Starting PetcareManagementPlatformApplication using Java 19.0.2 with PID 39691 (/Users/hanlinyao/Desktop/petcare-management/petcare-management-platform/target/classes started by hanlinyao in /Users/hanlinyao/Desktop/petcare-management/petcare-management-platform)
2026-02-15 13:14:35.411 [main] INFO  com.han.PetcareManagementPlatformApplication-No active profile set, falling back to 1 default profile: "default"
2026-02-15 13:14:36.226 [main] INFO  o.s.boot.web.embedded.tomcat.TomcatWebServer-Tomcat initialized with port 8080 (http)
2026-02-15 13:14:36.239 [main] INFO  org.apache.coyote.http11.Http11NioProtocol-Initializing ProtocolHandler ["http-nio-8080"]
2026-02-15 13:14:36.240 [main] INFO  org.apache.catalina.core.StandardService-Starting service [Tomcat]
2026-02-15 13:14:36.240 [main] INFO  org.apache.catalina.core.StandardEngine-Starting Servlet engine: [Apache Tomcat/10.1.50]
2026-02-15 13:14:36.265 [main] INFO  o.a.c.core.ContainerBase.[Tomcat].[localhost].[/]-Initializing Spring embedded WebApplicationContext
2026-02-15 13:14:36.265 [main] INFO  o.s.b.w.s.c.ServletWebServerApplicationContext-Root WebApplicationContext: initialization completed in 810 ms
2026-02-15 13:14:36.622 [main] WARN  o.s.b.w.s.c.AnnotationConfigServletWebServerApplicationContext-Exception encountered during context initialization - cancelling refresh attempt: org.springframework.beans.factory.BeanCreationException: Error creating bean with name 'requestMappingHandlerMapping' defined in class path resource [org/springframework/boot/autoconfigure/web/servlet/WebMvcAutoConfiguration$EnableWebMvcConfiguration.class]: Ambiguous mapping. Cannot map 'empController' method 
com.han.controller.EmpController#save(Emp)
to {POST [/api/emps]}: There is already 'empController' bean method
com.han.controller.EmpController#update(Emp) mapped.
2026-02-15 13:14:36.624 [main] INFO  org.apache.catalina.core.StandardService-Stopping service [Tomcat]
2026-02-15 13:14:36.634 [main] INFO  o.s.b.a.logging.ConditionEvaluationReportLogger-

Error starting ApplicationContext. To display the condition evaluation report re-run your application with 'debug' enabled.
2026-02-15 13:14:36.645 [main] ERROR org.springframework.boot.SpringApplication-Application run failed
org.springframework.beans.factory.BeanCreationException: Error creating bean with name 'requestMappingHandlerMapping' defined in class path resource [org/springframework/boot/autoconfigure/web/servlet/WebMvcAutoConfiguration$EnableWebMvcConfiguration.class]: Ambiguous mapping. Cannot map 'empController' method 
com.han.controller.EmpController#save(Emp)
to {POST [/api/emps]}: There is already 'empController' bean method
com.han.controller.EmpController#update(Emp) mapped.
	at org.springframework.beans.factory.support.AbstractAutowireCapableBeanFactory.initializeBean(AbstractAutowireCapableBeanFactory.java:1826)
	at org.springframework.beans.factory.support.AbstractAutowireCapableBeanFactory.doCreateBean(AbstractAutowireCapableBeanFactory.java:607)
	at org.springframework.beans.factory.support.AbstractAutowireCapableBeanFactory.createBean(AbstractAutowireCapableBeanFactory.java:529)
	at org.springframework.beans.factory.support.AbstractBeanFactory.lambda$doGetBean$0(AbstractBeanFactory.java:339)
	at org.springframework.beans.factory.support.DefaultSingletonBeanRegistry.getSingleton(DefaultSingletonBeanRegistry.java:373)
	at org.springframework.beans.factory.support.AbstractBeanFactory.doGetBean(AbstractBeanFactory.java:337)
	at org.springframework.beans.factory.support.AbstractBeanFactory.getBean(AbstractBeanFactory.java:202)
	at org.springframework.beans.factory.support.DefaultListableBeanFactory.instantiateSingleton(DefaultListableBeanFactory.java:1228)
	at org.springframework.beans.factory.support.DefaultListableBeanFactory.preInstantiateSingleton(DefaultListableBeanFactory.java:1194)
	at org.springframework.beans.factory.support.DefaultListableBeanFactory.preInstantiateSingletons(DefaultListableBeanFactory.java:1130)
	at org.springframework.context.support.AbstractApplicationContext.finishBeanFactoryInitialization(AbstractApplicationContext.java:990)
	at org.springframework.context.support.AbstractApplicationContext.refresh(AbstractApplicationContext.java:627)
	at org.springframework.boot.web.servlet.context.ServletWebServerApplicationContext.refresh(ServletWebServerApplicationContext.java:146)
	at org.springframework.boot.SpringApplication.refresh(SpringApplication.java:752)
	at org.springframework.boot.SpringApplication.refreshContext(SpringApplication.java:439)
	at org.springframework.boot.SpringApplication.run(SpringApplication.java:318)
	at org.springframework.boot.SpringApplication.run(SpringApplication.java:1361)
	at org.springframework.boot.SpringApplication.run(SpringApplication.java:1350)
	at com.han.PetcareManagementPlatformApplication.main(PetcareManagementPlatformApplication.java:10)
Caused by: java.lang.IllegalStateException: Ambiguous mapping. Cannot map 'empController' method 
com.han.controller.EmpController#save(Emp)
to {POST [/api/emps]}: There is already 'empController' bean method
com.han.controller.EmpController#update(Emp) mapped.
	at org.springframework.web.servlet.handler.AbstractHandlerMethodMapping$MappingRegistry.validateMethodMapping(AbstractHandlerMethodMapping.java:676)
	at org.springframework.web.servlet.handler.AbstractHandlerMethodMapping$MappingRegistry.register(AbstractHandlerMethodMapping.java:637)
	at org.springframework.web.servlet.handler.AbstractHandlerMethodMapping.registerHandlerMethod(AbstractHandlerMethodMapping.java:331)
	at org.springframework.web.servlet.mvc.method.annotation.RequestMappingHandlerMapping.registerHandlerMethod(RequestMappingHandlerMapping.java:507)
	at org.springframework.web.servlet.mvc.method.annotation.RequestMappingHandlerMapping.registerHandlerMethod(RequestMappingHandlerMapping.java:84)
	at org.springframework.web.servlet.handler.AbstractHandlerMethodMapping.lambda$detectHandlerMethods$2(AbstractHandlerMethodMapping.java:298)
	at java.base/java.util.LinkedHashMap.forEach(LinkedHashMap.java:729)
	at org.springframework.web.servlet.handler.AbstractHandlerMethodMapping.detectHandlerMethods(AbstractHandlerMethodMapping.java:296)
	at org.springframework.web.servlet.handler.AbstractHandlerMethodMapping.processCandidateBean(AbstractHandlerMethodMapping.java:265)
	at org.springframework.web.servlet.handler.AbstractHandlerMethodMapping.initHandlerMethods(AbstractHandlerMethodMapping.java:224)
	at org.springframework.web.servlet.handler.AbstractHandlerMethodMapping.afterPropertiesSet(AbstractHandlerMethodMapping.java:212)
	at org.springframework.web.servlet.mvc.method.annotation.RequestMappingHandlerMapping.afterPropertiesSet(RequestMappingHandlerMapping.java:237)
	at org.springframework.beans.factory.support.AbstractAutowireCapableBeanFactory.invokeInitMethods(AbstractAutowireCapableBeanFactory.java:1873)
	at org.springframework.beans.factory.support.AbstractAutowireCapableBeanFactory.initializeBean(AbstractAutowireCapableBeanFactory.java:1822)
	... 18 common frames omitted
2026-02-15 13:18:31.600 [main] INFO  com.han.PetcareManagementPlatformApplication-Starting PetcareManagementPlatformApplication using Java 19.0.2 with PID 39772 (/Users/hanlinyao/Desktop/petcare-management/petcare-management-platform/target/classes started by hanlinyao in /Users/hanlinyao/Desktop/petcare-management/petcare-management-platform)
2026-02-15 13:18:31.601 [main] INFO  com.han.PetcareManagementPlatformApplication-No active profile set, falling back to 1 default profile: "default"
2026-02-15 13:18:32.191 [main] INFO  o.s.boot.web.embedded.tomcat.TomcatWebServer-Tomcat initialized with port 8080 (http)
2026-02-15 13:18:32.201 [main] INFO  org.apache.coyote.http11.Http11NioProtocol-Initializing ProtocolHandler ["http-nio-8080"]
2026-02-15 13:18:32.201 [main] INFO  org.apache.catalina.core.StandardService-Starting service [Tomcat]
2026-02-15 13:18:32.202 [main] INFO  org.apache.catalina.core.StandardEngine-Starting Servlet engine: [Apache Tomcat/10.1.50]
2026-02-15 13:18:32.221 [main] INFO  o.a.c.core.ContainerBase.[Tomcat].[localhost].[/]-Initializing Spring embedded WebApplicationContext
2026-02-15 13:18:32.221 [main] INFO  o.s.b.w.s.c.ServletWebServerApplicationContext-Root WebApplicationContext: initialization completed in 591 ms
2026-02-15 13:18:32.461 [main] WARN  o.s.b.w.s.c.AnnotationConfigServletWebServerApplicationContext-Exception encountered during context initialization - cancelling refresh attempt: org.springframework.beans.factory.BeanCreationException: Error creating bean with name 'requestMappingHandlerMapping' defined in class path resource [org/springframework/boot/autoconfigure/web/servlet/WebMvcAutoConfiguration$EnableWebMvcConfiguration.class]: Ambiguous mapping. Cannot map 'empController' method 
com.han.controller.EmpController#save(Emp)
to {POST [/api/emps]}: There is already 'empController' bean method
com.han.controller.EmpController#update(Emp) mapped.
2026-02-15 13:18:32.463 [main] INFO  org.apache.catalina.core.StandardService-Stopping service [Tomcat]
2026-02-15 13:18:32.470 [main] INFO  o.s.b.a.logging.ConditionEvaluationReportLogger-

Error starting ApplicationContext. To display the condition evaluation report re-run your application with 'debug' enabled.
2026-02-15 13:18:32.480 [main] ERROR org.springframework.boot.SpringApplication-Application run failed
org.springframework.beans.factory.BeanCreationException: Error creating bean with name 'requestMappingHandlerMapping' defined in class path resource [org/springframework/boot/autoconfigure/web/servlet/WebMvcAutoConfiguration$EnableWebMvcConfiguration.class]: Ambiguous mapping. Cannot map 'empController' method 
com.han.controller.EmpController#save(Emp)
to {POST [/api/emps]}: There is already 'empController' bean method
com.han.controller.EmpController#update(Emp) mapped.
	at org.springframework.beans.factory.support.AbstractAutowireCapableBeanFactory.initializeBean(AbstractAutowireCapableBeanFactory.java:1826)
	at org.springframework.beans.factory.support.AbstractAutowireCapableBeanFactory.doCreateBean(AbstractAutowireCapableBeanFactory.java:607)
	at org.springframework.beans.factory.support.AbstractAutowireCapableBeanFactory.createBean(AbstractAutowireCapableBeanFactory.java:529)
	at org.springframework.beans.factory.support.AbstractBeanFactory.lambda$doGetBean$0(AbstractBeanFactory.java:339)
	at org.springframework.beans.factory.support.DefaultSingletonBeanRegistry.getSingleton(DefaultSingletonBeanRegistry.java:373)
	at org.springframework.beans.factory.support.AbstractBeanFactory.doGetBean(AbstractBeanFactory.java:337)
	at org.springframework.beans.factory.support.AbstractBeanFactory.getBean(AbstractBeanFactory.java:202)
	at org.springframework.beans.factory.support.DefaultListableBeanFactory.instantiateSingleton(DefaultListableBeanFactory.java:1228)
	at org.springframework.beans.factory.support.DefaultListableBeanFactory.preInstantiateSingleton(DefaultListableBeanFactory.java:1194)
	at org.springframework.beans.factory.support.DefaultListableBeanFactory.preInstantiateSingletons(DefaultListableBeanFactory.java:1130)
	at org.springframework.context.support.AbstractApplicationContext.finishBeanFactoryInitialization(AbstractApplicationContext.java:990)
	at org.springframework.context.support.AbstractApplicationContext.refresh(AbstractApplicationContext.java:627)
	at org.springframework.boot.web.servlet.context.ServletWebServerApplicationContext.refresh(ServletWebServerApplicationContext.java:146)
	at org.springframework.boot.SpringApplication.refresh(SpringApplication.java:752)
	at org.springframework.boot.SpringApplication.refreshContext(SpringApplication.java:439)
	at org.springframework.boot.SpringApplication.run(SpringApplication.java:318)
	at org.springframework.boot.SpringApplication.run(SpringApplication.java:1361)
	at org.springframework.boot.SpringApplication.run(SpringApplication.java:1350)
	at com.han.PetcareManagementPlatformApplication.main(PetcareManagementPlatformApplication.java:10)
Caused by: java.lang.IllegalStateException: Ambiguous mapping. Cannot map 'empController' method 
com.han.controller.EmpController#save(Emp)
to {POST [/api/emps]}: There is already 'empController' bean method
com.han.controller.EmpController#update(Emp) mapped.
	at org.springframework.web.servlet.handler.AbstractHandlerMethodMapping$MappingRegistry.validateMethodMapping(AbstractHandlerMethodMapping.java:676)
	at org.springframework.web.servlet.handler.AbstractHandlerMethodMapping$MappingRegistry.register(AbstractHandlerMethodMapping.java:637)
	at org.springframework.web.servlet.handler.AbstractHandlerMethodMapping.registerHandlerMethod(AbstractHandlerMethodMapping.java:331)
	at org.springframework.web.servlet.mvc.method.annotation.RequestMappingHandlerMapping.registerHandlerMethod(RequestMappingHandlerMapping.java:507)
	at org.springframework.web.servlet.mvc.method.annotation.RequestMappingHandlerMapping.registerHandlerMethod(RequestMappingHandlerMapping.java:84)
	at org.springframework.web.servlet.handler.AbstractHandlerMethodMapping.lambda$detectHandlerMethods$2(AbstractHandlerMethodMapping.java:298)
	at java.base/java.util.LinkedHashMap.forEach(LinkedHashMap.java:729)
	at org.springframework.web.servlet.handler.AbstractHandlerMethodMapping.detectHandlerMethods(AbstractHandlerMethodMapping.java:296)
	at org.springframework.web.servlet.handler.AbstractHandlerMethodMapping.processCandidateBean(AbstractHandlerMethodMapping.java:265)
	at org.springframework.web.servlet.handler.AbstractHandlerMethodMapping.initHandlerMethods(AbstractHandlerMethodMapping.java:224)
	at org.springframework.web.servlet.handler.AbstractHandlerMethodMapping.afterPropertiesSet(AbstractHandlerMethodMapping.java:212)
	at org.springframework.web.servlet.mvc.method.annotation.RequestMappingHandlerMapping.afterPropertiesSet(RequestMappingHandlerMapping.java:237)
	at org.springframework.beans.factory.support.AbstractAutowireCapableBeanFactory.invokeInitMethods(AbstractAutowireCapableBeanFactory.java:1873)
	at org.springframework.beans.factory.support.AbstractAutowireCapableBeanFactory.initializeBean(AbstractAutowireCapableBeanFactory.java:1822)
	... 18 common frames omitted
2026-02-15 13:20:16.560 [main] INFO  com.han.PetcareManagementPlatformApplication-Starting PetcareManagementPlatformApplication using Java 19.0.2 with PID 39793 (/Users/hanlinyao/Desktop/petcare-management/petcare-management-platform/target/classes started by hanlinyao in /Users/hanlinyao/Desktop/petcare-management/petcare-management-platform)
2026-02-15 13:20:16.562 [main] INFO  com.han.PetcareManagementPlatformApplication-No active profile set, falling back to 1 default profile: "default"
2026-02-15 13:20:17.195 [main] INFO  o.s.boot.web.embedded.tomcat.TomcatWebServer-Tomcat initialized with port 8080 (http)
2026-02-15 13:20:17.202 [main] INFO  org.apache.coyote.http11.Http11NioProtocol-Initializing ProtocolHandler ["http-nio-8080"]
2026-02-15 13:20:17.203 [main] INFO  org.apache.catalina.core.StandardService-Starting service [Tomcat]
2026-02-15 13:20:17.203 [main] INFO  org.apache.catalina.core.StandardEngine-Starting Servlet engine: [Apache Tomcat/10.1.50]
2026-02-15 13:20:17.225 [main] INFO  o.a.c.core.ContainerBase.[Tomcat].[localhost].[/]-Initializing Spring embedded WebApplicationContext
2026-02-15 13:20:17.226 [main] INFO  o.s.b.w.s.c.ServletWebServerApplicationContext-Root WebApplicationContext: initialization completed in 644 ms
2026-02-15 13:20:17.742 [main] INFO  org.apache.coyote.http11.Http11NioProtocol-Starting ProtocolHandler ["http-nio-8080"]
2026-02-15 13:20:17.750 [main] INFO  o.s.boot.web.embedded.tomcat.TomcatWebServer-Tomcat started on port 8080 (http) with context path '/'
2026-02-15 13:20:17.755 [main] INFO  com.han.PetcareManagementPlatformApplication-Started PetcareManagementPlatformApplication in 1.402 seconds (process running for 3.229)
2026-02-15 13:20:24.711 [http-nio-8080-exec-2] INFO  o.a.c.core.ContainerBase.[Tomcat].[localhost].[/]-Initializing Spring DispatcherServlet 'dispatcherServlet'
2026-02-15 13:20:24.712 [http-nio-8080-exec-2] INFO  org.springframework.web.servlet.DispatcherServlet-Initializing Servlet 'dispatcherServlet'
2026-02-15 13:20:24.722 [http-nio-8080-exec-2] INFO  org.springframework.web.servlet.DispatcherServlet-Completed initialization in 10 ms
2026-02-15 13:20:24.740 [http-nio-8080-exec-2] WARN  o.s.w.s.m.support.DefaultHandlerExceptionResolver-Resolved [org.springframework.web.HttpRequestMethodNotSupportedException: Request method 'PUT' is not supported]
2026-02-15 13:21:17.093 [http-nio-8080-exec-3] INFO  com.han.controller.EmpController-修改员工信息:Emp(id=null, username=null, password=null, name=null, gender=null, phone=null, job=null, salary=null, image=null, entryDate=null, deptId=null, createTime=null, updateTime=null, deptName=null, exprList=null)
2026-02-15 13:21:17.111 [http-nio-8080-exec-3] DEBUG o.s.jdbc.support.JdbcTransactionManager-Creating new transaction with name [com.han.service.impl.EmpServiceImpl.update]: PROPAGATION_REQUIRED,ISOLATION_DEFAULT,-java.lang.Exception
2026-02-15 13:21:17.112 [http-nio-8080-exec-3] INFO  com.zaxxer.hikari.HikariDataSource-HikariPool-1 - Starting...
2026-02-15 13:21:17.510 [http-nio-8080-exec-3] INFO  com.zaxxer.hikari.pool.HikariPool-HikariPool-1 - Added connection com.mysql.cj.jdbc.ConnectionImpl@4aaac64b
2026-02-15 13:21:17.511 [http-nio-8080-exec-3] INFO  com.zaxxer.hikari.HikariDataSource-HikariPool-1 - Start completed.
2026-02-15 13:21:17.513 [http-nio-8080-exec-3] DEBUG o.s.jdbc.support.JdbcTransactionManager-Acquired Connection [HikariProxyConnection@335723541 wrapping com.mysql.cj.jdbc.ConnectionImpl@4aaac64b] for JDBC transaction
2026-02-15 13:21:17.516 [http-nio-8080-exec-3] DEBUG o.s.jdbc.support.JdbcTransactionManager-Switching JDBC Connection [HikariProxyConnection@335723541 wrapping com.mysql.cj.jdbc.ConnectionImpl@4aaac64b] to manual commit
2026-02-15 13:21:17.544 [http-nio-8080-exec-3] DEBUG o.s.jdbc.support.JdbcTransactionManager-Initiating transaction rollback
2026-02-15 13:21:17.545 [http-nio-8080-exec-3] DEBUG o.s.jdbc.support.JdbcTransactionManager-Rolling back JDBC transaction on Connection [HikariProxyConnection@335723541 wrapping com.mysql.cj.jdbc.ConnectionImpl@4aaac64b]
2026-02-15 13:21:17.548 [http-nio-8080-exec-3] DEBUG o.s.jdbc.support.JdbcTransactionManager-Releasing JDBC Connection [HikariProxyConnection@335723541 wrapping com.mysql.cj.jdbc.ConnectionImpl@4aaac64b] after transaction
2026-02-15 13:21:17.551 [http-nio-8080-exec-3] ERROR o.a.c.c.C.[.[localhost].[/].[dispatcherServlet]-Servlet.service() for servlet [dispatcherServlet] in context with path [] threw exception [Request processing failed: org.mybatis.spring.MyBatisSystemException: 
### Error updating database.  Cause: org.apache.ibatis.reflection.ReflectionException: There is no getter for property named 'role' in 'class com.han.pojo.Emp'
### The error may exist in com/han/mapper/EmpMapper.xml
### The error may involve defaultParameterMap
### The error occurred while setting parameters
### SQL: UPDATE emp         SET username      = ?,         password      = ?,         name          = ?,         gender        = ?,         phone         = ?,         role          = ?,         salary        = ?,         avatar        = ?,         hire_date     = ?,         department_id = ?,         update_time   = ?         WHERE id = ?;
### Cause: org.apache.ibatis.reflection.ReflectionException: There is no getter for property named 'role' in 'class com.han.pojo.Emp'] with root cause
org.apache.ibatis.reflection.ReflectionException: There is no getter for property named 'role' in 'class com.han.pojo.Emp'
	at org.apache.ibatis.reflection.Reflector.getGetInvoker(Reflector.java:385)
	at org.apache.ibatis.reflection.MetaClass.getGetInvoker(MetaClass.java:160)
	at org.apache.ibatis.reflection.wrapper.BeanWrapper.getBeanProperty(BeanWrapper.java:156)
	at org.apache.ibatis.reflection.wrapper.BeanWrapper.get(BeanWrapper.java:50)
	at org.apache.ibatis.reflection.MetaObject.getValue(MetaObject.java:115)
	at org.apache.ibatis.scripting.defaults.DefaultParameterHandler.setParameters(DefaultParameterHandler.java:82)
	at org.apache.ibatis.executor.statement.PreparedStatementHandler.parameterize(PreparedStatementHandler.java:97)
	at org.apache.ibatis.executor.statement.RoutingStatementHandler.parameterize(RoutingStatementHandler.java:65)
	at org.apache.ibatis.executor.SimpleExecutor.prepareStatement(SimpleExecutor.java:91)
	at org.apache.ibatis.executor.SimpleExecutor.doUpdate(SimpleExecutor.java:49)
	at org.apache.ibatis.executor.BaseExecutor.update(BaseExecutor.java:117)
	at org.apache.ibatis.executor.CachingExecutor.update(CachingExecutor.java:76)
	at java.base/jdk.internal.reflect.DirectMethodHandleAccessor.invoke(DirectMethodHandleAccessor.java:104)
	at java.base/java.lang.reflect.Method.invoke(Method.java:578)
	at org.apache.ibatis.plugin.Plugin.invoke(Plugin.java:61)
	at jdk.proxy2/jdk.proxy2.$Proxy88.update(Unknown Source)
	at org.apache.ibatis.session.defaults.DefaultSqlSession.update(DefaultSqlSession.java:197)
	at java.base/jdk.internal.reflect.DirectMethodHandleAccessor.invoke(DirectMethodHandleAccessor.java:104)
	at java.base/java.lang.reflect.Method.invoke(Method.java:578)
	at org.mybatis.spring.SqlSessionTemplate$SqlSessionInterceptor.invoke(SqlSessionTemplate.java:333)
	at jdk.proxy2/jdk.proxy2.$Proxy68.update(Unknown Source)
	at org.mybatis.spring.SqlSessionTemplate.update(SqlSessionTemplate.java:234)
	at org.apache.ibatis.binding.MapperMethod.execute(MapperMethod.java:67)
	at org.apache.ibatis.binding.MapperProxy$PlainMethodInvoker.invoke(MapperProxy.java:141)
	at org.apache.ibatis.binding.MapperProxy.invoke(MapperProxy.java:86)
	at jdk.proxy2/jdk.proxy2.$Proxy76.updateById(Unknown Source)
	at com.han.service.impl.EmpServiceImpl.update(EmpServiceImpl.java:85)
	at java.base/jdk.internal.reflect.DirectMethodHandleAccessor.invoke(DirectMethodHandleAccessor.java:104)
	at java.base/java.lang.reflect.Method.invoke(Method.java:578)
	at org.springframework.aop.support.AopUtils.invokeJoinpointUsingReflection(AopUtils.java:360)
	at org.springframework.aop.framework.ReflectiveMethodInvocation.invokeJoinpoint(ReflectiveMethodInvocation.java:196)
	at org.springframework.aop.framework.ReflectiveMethodInvocation.proceed(ReflectiveMethodInvocation.java:163)
	at org.springframework.transaction.interceptor.TransactionAspectSupport.invokeWithinTransaction(TransactionAspectSupport.java:380)
	at org.springframework.transaction.interceptor.TransactionInterceptor.invoke(TransactionInterceptor.java:119)
	at org.springframework.aop.framework.ReflectiveMethodInvocation.proceed(ReflectiveMethodInvocation.java:184)
	at org.springframework.aop.framework.CglibAopProxy$DynamicAdvisedInterceptor.intercept(CglibAopProxy.java:728)
	at com.han.service.impl.EmpServiceImpl$$SpringCGLIB$$0.update(<generated>)
	at com.han.controller.EmpController.update(EmpController.java:55)
	at java.base/jdk.internal.reflect.DirectMethodHandleAccessor.invoke(DirectMethodHandleAccessor.java:104)
	at java.base/java.lang.reflect.Method.invoke(Method.java:578)
	at org.springframework.web.method.support.InvocableHandlerMethod.doInvoke(InvocableHandlerMethod.java:258)
	at org.springframework.web.method.support.InvocableHandlerMethod.invokeForRequest(InvocableHandlerMethod.java:191)
	at org.springframework.web.servlet.mvc.method.annotation.ServletInvocableHandlerMethod.invokeAndHandle(ServletInvocableHandlerMethod.java:118)
	at org.springframework.web.servlet.mvc.method.annotation.RequestMappingHandlerAdapter.invokeHandlerMethod(RequestMappingHandlerAdapter.java:991)
	at org.springframework.web.servlet.mvc.method.annotation.RequestMappingHandlerAdapter.handleInternal(RequestMappingHandlerAdapter.java:896)
	at org.springframework.web.servlet.mvc.method.AbstractHandlerMethodAdapter.handle(AbstractHandlerMethodAdapter.java:87)
	at org.springframework.web.servlet.DispatcherServlet.doDispatch(DispatcherServlet.java:1089)
	at org.springframework.web.servlet.DispatcherServlet.doService(DispatcherServlet.java:979)
	at org.springframework.web.servlet.FrameworkServlet.processRequest(FrameworkServlet.java:1014)
	at org.springframework.web.servlet.FrameworkServlet.doPut(FrameworkServlet.java:925)
	at jakarta.servlet.http.HttpServlet.service(HttpServlet.java:593)
	at org.springframework.web.servlet.FrameworkServlet.service(FrameworkServlet.java:885)
	at jakarta.servlet.http.HttpServlet.service(HttpServlet.java:658)
	at org.apache.catalina.core.ApplicationFilterChain.internalDoFilter(ApplicationFilterChain.java:193)
	at org.apache.catalina.core.ApplicationFilterChain.doFilter(ApplicationFilterChain.java:138)
	at org.apache.tomcat.websocket.server.WsFilter.doFilter(WsFilter.java:51)
	at org.apache.catalina.core.ApplicationFilterChain.internalDoFilter(ApplicationFilterChain.java:162)
	at org.apache.catalina.core.ApplicationFilterChain.doFilter(ApplicationFilterChain.java:138)
	at org.springframework.web.filter.RequestContextFilter.doFilterInternal(RequestContextFilter.java:100)
	at org.springframework.web.filter.OncePerRequestFilter.doFilter(OncePerRequestFilter.java:116)
	at org.apache.catalina.core.ApplicationFilterChain.internalDoFilter(ApplicationFilterChain.java:162)
	at org.apache.catalina.core.ApplicationFilterChain.doFilter(ApplicationFilterChain.java:138)
	at org.springframework.web.filter.FormContentFilter.doFilterInternal(FormContentFilter.java:93)
	at org.springframework.web.filter.OncePerRequestFilter.doFilter(OncePerRequestFilter.java:116)
	at org.apache.catalina.core.ApplicationFilterChain.internalDoFilter(ApplicationFilterChain.java:162)
	at org.apache.catalina.core.ApplicationFilterChain.doFilter(ApplicationFilterChain.java:138)
	at org.springframework.web.filter.CharacterEncodingFilter.doFilterInternal(CharacterEncodingFilter.java:201)
	at org.springframework.web.filter.OncePerRequestFilter.doFilter(OncePerRequestFilter.java:116)
	at org.apache.catalina.core.ApplicationFilterChain.internalDoFilter(ApplicationFilterChain.java:162)
	at org.apache.catalina.core.ApplicationFilterChain.doFilter(ApplicationFilterChain.java:138)
	at org.apache.catalina.core.StandardWrapperValve.invoke(StandardWrapperValve.java:165)
	at org.apache.catalina.core.StandardContextValve.invoke(StandardContextValve.java:88)
	at org.apache.catalina.authenticator.AuthenticatorBase.invoke(AuthenticatorBase.java:482)
	at org.apache.catalina.core.StandardHostValve.invoke(StandardHostValve.java:113)
	at org.apache.catalina.valves.ErrorReportValve.invoke(ErrorReportValve.java:83)
	at org.apache.catalina.core.StandardEngineValve.invoke(StandardEngineValve.java:72)
	at org.apache.catalina.connector.CoyoteAdapter.service(CoyoteAdapter.java:342)
	at org.apache.coyote.http11.Http11Processor.service(Http11Processor.java:399)
	at org.apache.coyote.AbstractProcessorLight.process(AbstractProcessorLight.java:63)
	at org.apache.coyote.AbstractProtocol$ConnectionHandler.process(AbstractProtocol.java:903)
	at org.apache.tomcat.util.net.NioEndpoint$SocketProcessor.doRun(NioEndpoint.java:1774)
	at org.apache.tomcat.util.net.SocketProcessorBase.run(SocketProcessorBase.java:52)
	at org.apache.tomcat.util.threads.ThreadPoolExecutor.runWorker(ThreadPoolExecutor.java:973)
	at org.apache.tomcat.util.threads.ThreadPoolExecutor$Worker.run(ThreadPoolExecutor.java:491)
	at org.apache.tomcat.util.threads.TaskThread$WrappingRunnable.run(TaskThread.java:63)
	at java.base/java.lang.Thread.run(Thread.java:1589)
2026-02-15 13:23:40.134 [SpringApplicationShutdownHook] INFO  o.s.boot.web.embedded.tomcat.GracefulShutdown-Commencing graceful shutdown. Waiting for active requests to complete
2026-02-15 13:23:40.256 [tomcat-shutdown] INFO  o.s.boot.web.embedded.tomcat.GracefulShutdown-Graceful shutdown complete
2026-02-15 13:23:40.312 [SpringApplicationShutdownHook] INFO  com.zaxxer.hikari.HikariDataSource-HikariPool-1 - Shutdown initiated...
2026-02-15 13:23:40.392 [SpringApplicationShutdownHook] INFO  com.zaxxer.hikari.HikariDataSource-HikariPool-1 - Shutdown completed.
2026-02-15 13:23:49.633 [main] INFO  com.han.PetcareManagementPlatformApplication-Starting PetcareManagementPlatformApplication using Java 19.0.2 with PID 39851 (/Users/hanlinyao/Desktop/petcare-management/petcare-management-platform/target/classes started by hanlinyao in /Users/hanlinyao/Desktop/petcare-management/petcare-management-platform)
2026-02-15 13:23:49.635 [main] INFO  com.han.PetcareManagementPlatformApplication-No active profile set, falling back to 1 default profile: "default"
2026-02-15 13:23:50.133 [main] INFO  o.s.boot.web.embedded.tomcat.TomcatWebServer-Tomcat initialized with port 8080 (http)
2026-02-15 13:23:50.143 [main] INFO  org.apache.coyote.http11.Http11NioProtocol-Initializing ProtocolHandler ["http-nio-8080"]
2026-02-15 13:23:50.144 [main] INFO  org.apache.catalina.core.StandardService-Starting service [Tomcat]
2026-02-15 13:23:50.144 [main] INFO  org.apache.catalina.core.StandardEngine-Starting Servlet engine: [Apache Tomcat/10.1.50]
2026-02-15 13:23:50.174 [main] INFO  o.a.c.core.ContainerBase.[Tomcat].[localhost].[/]-Initializing Spring embedded WebApplicationContext
2026-02-15 13:23:50.174 [main] INFO  o.s.b.w.s.c.ServletWebServerApplicationContext-Root WebApplicationContext: initialization completed in 513 ms
2026-02-15 13:23:50.570 [main] INFO  org.apache.coyote.http11.Http11NioProtocol-Starting ProtocolHandler ["http-nio-8080"]
2026-02-15 13:23:50.578 [main] INFO  o.s.boot.web.embedded.tomcat.TomcatWebServer-Tomcat started on port 8080 (http) with context path '/'
2026-02-15 13:23:50.583 [main] INFO  com.han.PetcareManagementPlatformApplication-Started PetcareManagementPlatformApplication in 1.151 seconds (process running for 2.847)
2026-02-15 13:23:56.896 [http-nio-8080-exec-2] INFO  o.a.c.core.ContainerBase.[Tomcat].[localhost].[/]-Initializing Spring DispatcherServlet 'dispatcherServlet'
2026-02-15 13:23:56.897 [http-nio-8080-exec-2] INFO  org.springframework.web.servlet.DispatcherServlet-Initializing Servlet 'dispatcherServlet'
2026-02-15 13:23:56.903 [http-nio-8080-exec-2] INFO  org.springframework.web.servlet.DispatcherServlet-Completed initialization in 6 ms
2026-02-15 13:23:56.961 [http-nio-8080-exec-2] INFO  com.han.controller.EmpController-修改员工信息:Emp(id=null, username=null, password=null, name=null, gender=null, phone=null, job=null, salary=null, image=null, entryDate=null, deptId=null, createTime=null, updateTime=null, deptName=null, exprList=null)
2026-02-15 13:23:56.970 [http-nio-8080-exec-2] DEBUG o.s.jdbc.support.JdbcTransactionManager-Creating new transaction with name [com.han.service.impl.EmpServiceImpl.update]: PROPAGATION_REQUIRED,ISOLATION_DEFAULT,-java.lang.Exception
2026-02-15 13:23:56.971 [http-nio-8080-exec-2] INFO  com.zaxxer.hikari.HikariDataSource-HikariPool-1 - Starting...
2026-02-15 13:23:57.491 [http-nio-8080-exec-2] INFO  com.zaxxer.hikari.pool.HikariPool-HikariPool-1 - Added connection com.mysql.cj.jdbc.ConnectionImpl@2dbbe0ff
2026-02-15 13:23:57.493 [http-nio-8080-exec-2] INFO  com.zaxxer.hikari.HikariDataSource-HikariPool-1 - Start completed.
2026-02-15 13:23:57.496 [http-nio-8080-exec-2] DEBUG o.s.jdbc.support.JdbcTransactionManager-Acquired Connection [HikariProxyConnection@2036329024 wrapping com.mysql.cj.jdbc.ConnectionImpl@2dbbe0ff] for JDBC transaction
2026-02-15 13:23:57.498 [http-nio-8080-exec-2] DEBUG o.s.jdbc.support.JdbcTransactionManager-Switching JDBC Connection [HikariProxyConnection@2036329024 wrapping com.mysql.cj.jdbc.ConnectionImpl@2dbbe0ff] to manual commit
2026-02-15 13:23:57.607 [http-nio-8080-exec-2] DEBUG o.s.jdbc.support.JdbcTransactionManager-Initiating transaction commit
2026-02-15 13:23:57.607 [http-nio-8080-exec-2] DEBUG o.s.jdbc.support.JdbcTransactionManager-Committing JDBC transaction on Connection [HikariProxyConnection@2036329024 wrapping com.mysql.cj.jdbc.ConnectionImpl@2dbbe0ff]
2026-02-15 13:23:57.627 [http-nio-8080-exec-2] DEBUG o.s.jdbc.support.JdbcTransactionManager-Releasing JDBC Connection [HikariProxyConnection@2036329024 wrapping com.mysql.cj.jdbc.ConnectionImpl@2dbbe0ff] after transaction
2026-02-15 13:24:14.202 [SpringApplicationShutdownHook] INFO  o.s.boot.web.embedded.tomcat.GracefulShutdown-Commencing graceful shutdown. Waiting for active requests to complete
2026-02-15 13:24:14.216 [tomcat-shutdown] INFO  o.s.boot.web.embedded.tomcat.GracefulShutdown-Graceful shutdown complete
2026-02-15 13:24:14.228 [SpringApplicationShutdownHook] INFO  com.zaxxer.hikari.HikariDataSource-HikariPool-1 - Shutdown initiated...
2026-02-15 13:24:14.239 [SpringApplicationShutdownHook] INFO  com.zaxxer.hikari.HikariDataSource-HikariPool-1 - Shutdown completed.
2026-02-15 15:36:59.726 [main] INFO  com.han.PetcareManagementPlatformApplication-Starting PetcareManagementPlatformApplication using Java 19.0.2 with PID 42323 (/Users/hanlinyao/Desktop/petcare-management/petcare-management-platform/target/classes started by hanlinyao in /Users/hanlinyao/Desktop/petcare-management/petcare-management-platform)
2026-02-15 15:36:59.727 [main] INFO  com.han.PetcareManagementPlatformApplication-No active profile set, falling back to 1 default profile: "default"
2026-02-15 15:37:00.271 [main] INFO  o.s.boot.web.embedded.tomcat.TomcatWebServer-Tomcat initialized with port 8080 (http)
2026-02-15 15:37:00.277 [main] INFO  org.apache.coyote.http11.Http11NioProtocol-Initializing ProtocolHandler ["http-nio-8080"]
2026-02-15 15:37:00.277 [main] INFO  org.apache.catalina.core.StandardService-Starting service [Tomcat]
2026-02-15 15:37:00.277 [main] INFO  org.apache.catalina.core.StandardEngine-Starting Servlet engine: [Apache Tomcat/10.1.50]
2026-02-15 15:37:00.303 [main] INFO  o.a.c.core.ContainerBase.[Tomcat].[localhost].[/]-Initializing Spring embedded WebApplicationContext
2026-02-15 15:37:00.304 [main] INFO  o.s.b.w.s.c.ServletWebServerApplicationContext-Root WebApplicationContext: initialization completed in 558 ms
2026-02-15 15:37:00.680 [main] INFO  org.apache.coyote.http11.Http11NioProtocol-Starting ProtocolHandler ["http-nio-8080"]
2026-02-15 15:37:00.687 [main] INFO  o.s.boot.web.embedded.tomcat.TomcatWebServer-Tomcat started on port 8080 (http) with context path '/'
2026-02-15 15:37:00.692 [main] INFO  com.han.PetcareManagementPlatformApplication-Started PetcareManagementPlatformApplication in 1.184 seconds (process running for 3.06)
2026-02-15 15:37:07.363 [http-nio-8080-exec-2] INFO  o.a.c.core.ContainerBase.[Tomcat].[localhost].[/]-Initializing Spring DispatcherServlet 'dispatcherServlet'
2026-02-15 15:37:07.366 [http-nio-8080-exec-2] INFO  org.springframework.web.servlet.DispatcherServlet-Initializing Servlet 'dispatcherServlet'
2026-02-15 15:37:07.367 [http-nio-8080-exec-2] INFO  org.springframework.web.servlet.DispatcherServlet-Completed initialization in 1 ms
2026-02-15 15:37:07.383 [http-nio-8080-exec-2] INFO  com.han.controller.ReportController-获取员工工作数据
2026-02-15 15:37:07.395 [http-nio-8080-exec-2] INFO  com.zaxxer.hikari.HikariDataSource-HikariPool-1 - Starting...
2026-02-15 15:37:07.604 [http-nio-8080-exec-2] INFO  com.zaxxer.hikari.pool.HikariPool-HikariPool-1 - Added connection com.mysql.cj.jdbc.ConnectionImpl@2ad12c0e
2026-02-15 15:37:07.606 [http-nio-8080-exec-2] INFO  com.zaxxer.hikari.HikariDataSource-HikariPool-1 - Start completed.
2026-02-15 16:06:21.661 [SpringApplicationShutdownHook] INFO  o.s.boot.web.embedded.tomcat.GracefulShutdown-Commencing graceful shutdown. Waiting for active requests to complete
2026-02-15 16:06:21.748 [tomcat-shutdown] INFO  o.s.boot.web.embedded.tomcat.GracefulShutdown-Graceful shutdown complete
2026-02-15 16:06:21.778 [SpringApplicationShutdownHook] INFO  com.zaxxer.hikari.HikariDataSource-HikariPool-1 - Shutdown initiated...
2026-02-15 16:06:21.797 [SpringApplicationShutdownHook] INFO  com.zaxxer.hikari.HikariDataSource-HikariPool-1 - Shutdown completed.
2026-02-15 16:06:33.173 [main] INFO  com.han.PetcareManagementPlatformApplication-Starting PetcareManagementPlatformApplication using Java 19.0.2 with PID 42894 (/Users/hanlinyao/Desktop/petcare-management/petcare-management-platform/target/classes started by hanlinyao in /Users/hanlinyao/Desktop/petcare-management/petcare-management-platform)
2026-02-15 16:06:33.174 [main] INFO  com.han.PetcareManagementPlatformApplication-No active profile set, falling back to 1 default profile: "default"
2026-02-15 16:06:33.866 [main] INFO  o.s.boot.web.embedded.tomcat.TomcatWebServer-Tomcat initialized with port 8080 (http)
2026-02-15 16:06:33.872 [main] INFO  org.apache.coyote.http11.Http11NioProtocol-Initializing ProtocolHandler ["http-nio-8080"]
2026-02-15 16:06:33.873 [main] INFO  org.apache.catalina.core.StandardService-Starting service [Tomcat]
2026-02-15 16:06:33.874 [main] INFO  org.apache.catalina.core.StandardEngine-Starting Servlet engine: [Apache Tomcat/10.1.50]
2026-02-15 16:06:33.901 [main] INFO  o.a.c.core.ContainerBase.[Tomcat].[localhost].[/]-Initializing Spring embedded WebApplicationContext
2026-02-15 16:06:33.901 [main] INFO  o.s.b.w.s.c.ServletWebServerApplicationContext-Root WebApplicationContext: initialization completed in 707 ms
2026-02-15 16:06:34.377 [main] INFO  org.apache.coyote.http11.Http11NioProtocol-Starting ProtocolHandler ["http-nio-8080"]
2026-02-15 16:06:34.387 [main] INFO  o.s.boot.web.embedded.tomcat.TomcatWebServer-Tomcat started on port 8080 (http) with context path '/'
2026-02-15 16:06:34.393 [main] INFO  com.han.PetcareManagementPlatformApplication-Started PetcareManagementPlatformApplication in 1.432 seconds (process running for 3.738)
2026-02-15 16:06:51.568 [http-nio-8080-exec-1] INFO  o.a.c.core.ContainerBase.[Tomcat].[localhost].[/]-Initializing Spring DispatcherServlet 'dispatcherServlet'
2026-02-15 16:06:51.569 [http-nio-8080-exec-1] INFO  org.springframework.web.servlet.DispatcherServlet-Initializing Servlet 'dispatcherServlet'
2026-02-15 16:06:51.576 [http-nio-8080-exec-1] INFO  org.springframework.web.servlet.DispatcherServlet-Completed initialization in 7 ms
2026-02-15 16:06:51.608 [http-nio-8080-exec-1] INFO  com.han.controller.ReportController-获取员工性别数据
2026-02-15 16:06:51.623 [http-nio-8080-exec-1] INFO  com.zaxxer.hikari.HikariDataSource-HikariPool-1 - Starting...
2026-02-15 16:06:52.153 [http-nio-8080-exec-1] INFO  com.zaxxer.hikari.pool.HikariPool-HikariPool-1 - Added connection com.mysql.cj.jdbc.ConnectionImpl@7c9f59a7
2026-02-15 16:06:52.154 [http-nio-8080-exec-1] INFO  com.zaxxer.hikari.HikariDataSource-HikariPool-1 - Start completed.
2026-02-15 16:47:36.332 [SpringApplicationShutdownHook] INFO  o.s.boot.web.embedded.tomcat.GracefulShutdown-Commencing graceful shutdown. Waiting for active requests to complete
2026-02-15 16:47:36.419 [tomcat-shutdown] INFO  o.s.boot.web.embedded.tomcat.GracefulShutdown-Graceful shutdown complete
2026-02-15 16:47:36.466 [SpringApplicationShutdownHook] INFO  com.zaxxer.hikari.HikariDataSource-HikariPool-1 - Shutdown initiated...
2026-02-15 16:47:36.488 [SpringApplicationShutdownHook] INFO  com.zaxxer.hikari.HikariDataSource-HikariPool-1 - Shutdown completed.
2026-02-15 16:48:30.669 [main] INFO  com.han.PetcareManagementPlatformApplication-Starting PetcareManagementPlatformApplication using Java 19.0.2 with PID 44002 (/Users/hanlinyao/Desktop/petcare-management/petcare-management-platform/target/classes started by hanlinyao in /Users/hanlinyao/Desktop/petcare-management/petcare-management-platform)
2026-02-15 16:48:30.673 [main] INFO  com.han.PetcareManagementPlatformApplication-No active profile set, falling back to 1 default profile: "default"
2026-02-15 16:48:31.185 [main] INFO  o.s.boot.web.embedded.tomcat.TomcatWebServer-Tomcat initialized with port 8080 (http)
2026-02-15 16:48:31.192 [main] INFO  org.apache.coyote.http11.Http11NioProtocol-Initializing ProtocolHandler ["http-nio-8080"]
2026-02-15 16:48:31.193 [main] INFO  org.apache.catalina.core.StandardService-Starting service [Tomcat]
2026-02-15 16:48:31.193 [main] INFO  org.apache.catalina.core.StandardEngine-Starting Servlet engine: [Apache Tomcat/10.1.50]
2026-02-15 16:48:31.213 [main] INFO  o.a.c.core.ContainerBase.[Tomcat].[localhost].[/]-Initializing Spring embedded WebApplicationContext
2026-02-15 16:48:31.213 [main] INFO  o.s.b.w.s.c.ServletWebServerApplicationContext-Root WebApplicationContext: initialization completed in 514 ms
2026-02-15 16:48:31.397 [main] ERROR org.mybatis.spring.mapper.MapperFactoryBean-Error while adding the mapper 'interface com.han.mapper.OwnerMapper' to configuration.
org.apache.ibatis.builder.BuilderException: Error creating document instance.  Cause: org.xml.sax.SAXParseException; lineNumber: 2; columnNumber: 6; The processing instruction target matching "[xX][mM][lL]" is not allowed.
	at org.apache.ibatis.parsing.XPathParser.createDocument(XPathParser.java:262)
	at org.apache.ibatis.parsing.XPathParser.<init>(XPathParser.java:127)
	at org.apache.ibatis.builder.xml.XMLMapperBuilder.<init>(XMLMapperBuilder.java:83)
	at org.apache.ibatis.builder.xml.XMLMapperBuilder.<init>(XMLMapperBuilder.java:77)
	at org.apache.ibatis.builder.annotation.MapperAnnotationBuilder.loadXmlResource(MapperAnnotationBuilder.java:163)
	at org.apache.ibatis.builder.annotation.MapperAnnotationBuilder.parse(MapperAnnotationBuilder.java:117)
	at org.apache.ibatis.binding.MapperRegistry.addMapper(MapperRegistry.java:72)
	at org.apache.ibatis.session.Configuration.addMapper(Configuration.java:943)
	at org.mybatis.spring.mapper.MapperFactoryBean.checkDaoConfig(MapperFactoryBean.java:76)
	at org.springframework.dao.support.DaoSupport.afterPropertiesSet(DaoSupport.java:44)
	at org.springframework.beans.factory.support.AbstractAutowireCapableBeanFactory.invokeInitMethods(AbstractAutowireCapableBeanFactory.java:1873)
	at org.springframework.beans.factory.support.AbstractAutowireCapableBeanFactory.initializeBean(AbstractAutowireCapableBeanFactory.java:1822)
	at org.springframework.beans.factory.support.AbstractAutowireCapableBeanFactory.doCreateBean(AbstractAutowireCapableBeanFactory.java:607)
	at org.springframework.beans.factory.support.AbstractAutowireCapableBeanFactory.createBean(AbstractAutowireCapableBeanFactory.java:529)
	at org.springframework.beans.factory.support.AbstractBeanFactory.lambda$doGetBean$0(AbstractBeanFactory.java:339)
	at org.springframework.beans.factory.support.DefaultSingletonBeanRegistry.getSingleton(DefaultSingletonBeanRegistry.java:373)
	at org.springframework.beans.factory.support.AbstractBeanFactory.doGetBean(AbstractBeanFactory.java:337)
	at org.springframework.beans.factory.support.AbstractBeanFactory.getBean(AbstractBeanFactory.java:202)
	at org.springframework.beans.factory.support.DefaultListableBeanFactory.doResolveDependency(DefaultListableBeanFactory.java:1708)
	at org.springframework.beans.factory.support.DefaultListableBeanFactory.resolveDependency(DefaultListableBeanFactory.java:1653)
	at org.springframework.beans.factory.annotation.AutowiredAnnotationBeanPostProcessor$AutowiredFieldElement.resolveFieldValue(AutowiredAnnotationBeanPostProcessor.java:784)
	at org.springframework.beans.factory.annotation.AutowiredAnnotationBeanPostProcessor$AutowiredFieldElement.inject(AutowiredAnnotationBeanPostProcessor.java:767)
	at org.springframework.beans.factory.annotation.InjectionMetadata.inject(InjectionMetadata.java:146)
	at org.springframework.beans.factory.annotation.AutowiredAnnotationBeanPostProcessor.postProcessProperties(AutowiredAnnotationBeanPostProcessor.java:509)
	at org.springframework.beans.factory.support.AbstractAutowireCapableBeanFactory.populateBean(AbstractAutowireCapableBeanFactory.java:1459)
	at org.springframework.beans.factory.support.AbstractAutowireCapableBeanFactory.doCreateBean(AbstractAutowireCapableBeanFactory.java:606)
	at org.springframework.beans.factory.support.AbstractAutowireCapableBeanFactory.createBean(AbstractAutowireCapableBeanFactory.java:529)
	at org.springframework.beans.factory.support.AbstractBeanFactory.lambda$doGetBean$0(AbstractBeanFactory.java:339)
	at org.springframework.beans.factory.support.DefaultSingletonBeanRegistry.getSingleton(DefaultSingletonBeanRegistry.java:373)
	at org.springframework.beans.factory.support.AbstractBeanFactory.doGetBean(AbstractBeanFactory.java:337)
	at org.springframework.beans.factory.support.AbstractBeanFactory.getBean(AbstractBeanFactory.java:202)
	at org.springframework.beans.factory.config.DependencyDescriptor.resolveCandidate(DependencyDescriptor.java:254)
	at org.springframework.beans.factory.support.DefaultListableBeanFactory.doResolveDependency(DefaultListableBeanFactory.java:1770)
	at org.springframework.beans.factory.support.DefaultListableBeanFactory.resolveDependency(DefaultListableBeanFactory.java:1653)
	at org.springframework.beans.factory.annotation.AutowiredAnnotationBeanPostProcessor$AutowiredFieldElement.resolveFieldValue(AutowiredAnnotationBeanPostProcessor.java:784)
	at org.springframework.beans.factory.annotation.AutowiredAnnotationBeanPostProcessor$AutowiredFieldElement.inject(AutowiredAnnotationBeanPostProcessor.java:767)
	at org.springframework.beans.factory.annotation.InjectionMetadata.inject(InjectionMetadata.java:146)
	at org.springframework.beans.factory.annotation.AutowiredAnnotationBeanPostProcessor.postProcessProperties(AutowiredAnnotationBeanPostProcessor.java:509)
	at org.springframework.beans.factory.support.AbstractAutowireCapableBeanFactory.populateBean(AbstractAutowireCapableBeanFactory.java:1459)
	at org.springframework.beans.factory.support.AbstractAutowireCapableBeanFactory.doCreateBean(AbstractAutowireCapableBeanFactory.java:606)
	at org.springframework.beans.factory.support.AbstractAutowireCapableBeanFactory.createBean(AbstractAutowireCapableBeanFactory.java:529)
	at org.springframework.beans.factory.support.AbstractBeanFactory.lambda$doGetBean$0(AbstractBeanFactory.java:339)
	at org.springframework.beans.factory.support.DefaultSingletonBeanRegistry.getSingleton(DefaultSingletonBeanRegistry.java:373)
	at org.springframework.beans.factory.support.AbstractBeanFactory.doGetBean(AbstractBeanFactory.java:337)
	at org.springframework.beans.factory.support.AbstractBeanFactory.getBean(AbstractBeanFactory.java:202)
	at org.springframework.beans.factory.support.DefaultListableBeanFactory.instantiateSingleton(DefaultListableBeanFactory.java:1228)
	at org.springframework.beans.factory.support.DefaultListableBeanFactory.preInstantiateSingleton(DefaultListableBeanFactory.java:1194)
	at org.springframework.beans.factory.support.DefaultListableBeanFactory.preInstantiateSingletons(DefaultListableBeanFactory.java:1130)
	at org.springframework.context.support.AbstractApplicationContext.finishBeanFactoryInitialization(AbstractApplicationContext.java:990)
	at org.springframework.context.support.AbstractApplicationContext.refresh(AbstractApplicationContext.java:627)
	at org.springframework.boot.web.servlet.context.ServletWebServerApplicationContext.refresh(ServletWebServerApplicationContext.java:146)
	at org.springframework.boot.SpringApplication.refresh(SpringApplication.java:752)
	at org.springframework.boot.SpringApplication.refreshContext(SpringApplication.java:439)
	at org.springframework.boot.SpringApplication.run(SpringApplication.java:318)
	at org.springframework.boot.SpringApplication.run(SpringApplication.java:1361)
	at org.springframework.boot.SpringApplication.run(SpringApplication.java:1350)
	at com.han.PetcareManagementPlatformApplication.main(PetcareManagementPlatformApplication.java:10)
Caused by: org.xml.sax.SAXParseException; lineNumber: 2; columnNumber: 6; The processing instruction target matching "[xX][mM][lL]" is not allowed.
	at java.xml/com.sun.org.apache.xerces.internal.util.ErrorHandlerWrapper.createSAXParseException(ErrorHandlerWrapper.java:204)
	at java.xml/com.sun.org.apache.xerces.internal.util.ErrorHandlerWrapper.fatalError(ErrorHandlerWrapper.java:178)
	at java.xml/com.sun.org.apache.xerces.internal.impl.XMLErrorReporter.reportError(XMLErrorReporter.java:400)
	at java.xml/com.sun.org.apache.xerces.internal.impl.XMLErrorReporter.reportError(XMLErrorReporter.java:327)
	at java.xml/com.sun.org.apache.xerces.internal.impl.XMLScanner.reportFatalError(XMLScanner.java:1465)
	at java.xml/com.sun.org.apache.xerces.internal.impl.XMLScanner.scanPIData(XMLScanner.java:745)
	at java.xml/com.sun.org.apache.xerces.internal.impl.XMLDocumentFragmentScannerImpl.scanPIData(XMLDocumentFragmentScannerImpl.java:1059)
	at java.xml/com.sun.org.apache.xerces.internal.impl.XMLScanner.scanPI(XMLScanner.java:713)
	at java.xml/com.sun.org.apache.xerces.internal.impl.XMLDocumentScannerImpl$PrologDriver.next(XMLDocumentScannerImpl.java:891)
	at java.xml/com.sun.org.apache.xerces.internal.impl.XMLDocumentScannerImpl.next(XMLDocumentScannerImpl.java:605)
	at java.xml/com.sun.org.apache.xerces.internal.impl.XMLDocumentFragmentScannerImpl.scanDocument(XMLDocumentFragmentScannerImpl.java:542)
	at java.xml/com.sun.org.apache.xerces.internal.parsers.XML11Configuration.parse(XML11Configuration.java:889)
	at java.xml/com.sun.org.apache.xerces.internal.parsers.XML11Configuration.parse(XML11Configuration.java:825)
	at java.xml/com.sun.org.apache.xerces.internal.parsers.XMLParser.parse(XMLParser.java:141)
	at java.xml/com.sun.org.apache.xerces.internal.parsers.DOMParser.parse(DOMParser.java:247)
	at java.xml/com.sun.org.apache.xerces.internal.jaxp.DocumentBuilderImpl.parse(DocumentBuilderImpl.java:342)
	at org.apache.ibatis.parsing.XPathParser.createDocument(XPathParser.java:260)
	... 56 common frames omitted
2026-02-15 16:48:31.400 [main] WARN  o.s.b.w.s.c.AnnotationConfigServletWebServerApplicationContext-Exception encountered during context initialization - cancelling refresh attempt: org.springframework.beans.factory.UnsatisfiedDependencyException: Error creating bean with name 'ownerController': Unsatisfied dependency expressed through field 'ownerService': Error creating bean with name 'ownerServiceImpl': Unsatisfied dependency expressed through field 'ownerMapper': Error creating bean with name 'ownerMapper' defined in file [/Users/hanlinyao/Desktop/petcare-management/petcare-management-platform/target/classes/com/han/mapper/OwnerMapper.class]: org.apache.ibatis.builder.BuilderException: Error creating document instance.  Cause: org.xml.sax.SAXParseException; lineNumber: 2; columnNumber: 6; The processing instruction target matching "[xX][mM][lL]" is not allowed.
2026-02-15 16:48:31.401 [main] INFO  org.apache.catalina.core.StandardService-Stopping service [Tomcat]
2026-02-15 16:48:31.408 [main] INFO  o.s.b.a.logging.ConditionEvaluationReportLogger-

Error starting ApplicationContext. To display the condition evaluation report re-run your application with 'debug' enabled.
2026-02-15 16:48:31.416 [main] ERROR org.springframework.boot.SpringApplication-Application run failed
org.springframework.beans.factory.UnsatisfiedDependencyException: Error creating bean with name 'ownerController': Unsatisfied dependency expressed through field 'ownerService': Error creating bean with name 'ownerServiceImpl': Unsatisfied dependency expressed through field 'ownerMapper': Error creating bean with name 'ownerMapper' defined in file [/Users/hanlinyao/Desktop/petcare-management/petcare-management-platform/target/classes/com/han/mapper/OwnerMapper.class]: org.apache.ibatis.builder.BuilderException: Error creating document instance.  Cause: org.xml.sax.SAXParseException; lineNumber: 2; columnNumber: 6; The processing instruction target matching "[xX][mM][lL]" is not allowed.
	at org.springframework.beans.factory.annotation.AutowiredAnnotationBeanPostProcessor$AutowiredFieldElement.resolveFieldValue(AutowiredAnnotationBeanPostProcessor.java:787)
	at org.springframework.beans.factory.annotation.AutowiredAnnotationBeanPostProcessor$AutowiredFieldElement.inject(AutowiredAnnotationBeanPostProcessor.java:767)
	at org.springframework.beans.factory.annotation.InjectionMetadata.inject(InjectionMetadata.java:146)
	at org.springframework.beans.factory.annotation.AutowiredAnnotationBeanPostProcessor.postProcessProperties(AutowiredAnnotationBeanPostProcessor.java:509)
	at org.springframework.beans.factory.support.AbstractAutowireCapableBeanFactory.populateBean(AbstractAutowireCapableBeanFactory.java:1459)
	at org.springframework.beans.factory.support.AbstractAutowireCapableBeanFactory.doCreateBean(AbstractAutowireCapableBeanFactory.java:606)
	at org.springframework.beans.factory.support.AbstractAutowireCapableBeanFactory.createBean(AbstractAutowireCapableBeanFactory.java:529)
	at org.springframework.beans.factory.support.AbstractBeanFactory.lambda$doGetBean$0(AbstractBeanFactory.java:339)
	at org.springframework.beans.factory.support.DefaultSingletonBeanRegistry.getSingleton(DefaultSingletonBeanRegistry.java:373)
	at org.springframework.beans.factory.support.AbstractBeanFactory.doGetBean(AbstractBeanFactory.java:337)
	at org.springframework.beans.factory.support.AbstractBeanFactory.getBean(AbstractBeanFactory.java:202)
	at org.springframework.beans.factory.support.DefaultListableBeanFactory.instantiateSingleton(DefaultListableBeanFactory.java:1228)
	at org.springframework.beans.factory.support.DefaultListableBeanFactory.preInstantiateSingleton(DefaultListableBeanFactory.java:1194)
	at org.springframework.beans.factory.support.DefaultListableBeanFactory.preInstantiateSingletons(DefaultListableBeanFactory.java:1130)
	at org.springframework.context.support.AbstractApplicationContext.finishBeanFactoryInitialization(AbstractApplicationContext.java:990)
	at org.springframework.context.support.AbstractApplicationContext.refresh(AbstractApplicationContext.java:627)
	at org.springframework.boot.web.servlet.context.ServletWebServerApplicationContext.refresh(ServletWebServerApplicationContext.java:146)
	at org.springframework.boot.SpringApplication.refresh(SpringApplication.java:752)
	at org.springframework.boot.SpringApplication.refreshContext(SpringApplication.java:439)
	at org.springframework.boot.SpringApplication.run(SpringApplication.java:318)
	at org.springframework.boot.SpringApplication.run(SpringApplication.java:1361)
	at org.springframework.boot.SpringApplication.run(SpringApplication.java:1350)
	at com.han.PetcareManagementPlatformApplication.main(PetcareManagementPlatformApplication.java:10)
Caused by: org.springframework.beans.factory.UnsatisfiedDependencyException: Error creating bean with name 'ownerServiceImpl': Unsatisfied dependency expressed through field 'ownerMapper': Error creating bean with name 'ownerMapper' defined in file [/Users/hanlinyao/Desktop/petcare-management/petcare-management-platform/target/classes/com/han/mapper/OwnerMapper.class]: org.apache.ibatis.builder.BuilderException: Error creating document instance.  Cause: org.xml.sax.SAXParseException; lineNumber: 2; columnNumber: 6; The processing instruction target matching "[xX][mM][lL]" is not allowed.
	at org.springframework.beans.factory.annotation.AutowiredAnnotationBeanPostProcessor$AutowiredFieldElement.resolveFieldValue(AutowiredAnnotationBeanPostProcessor.java:787)
	at org.springframework.beans.factory.annotation.AutowiredAnnotationBeanPostProcessor$AutowiredFieldElement.inject(AutowiredAnnotationBeanPostProcessor.java:767)
	at org.springframework.beans.factory.annotation.InjectionMetadata.inject(InjectionMetadata.java:146)
	at org.springframework.beans.factory.annotation.AutowiredAnnotationBeanPostProcessor.postProcessProperties(AutowiredAnnotationBeanPostProcessor.java:509)
	at org.springframework.beans.factory.support.AbstractAutowireCapableBeanFactory.populateBean(AbstractAutowireCapableBeanFactory.java:1459)
	at org.springframework.beans.factory.support.AbstractAutowireCapableBeanFactory.doCreateBean(AbstractAutowireCapableBeanFactory.java:606)
	at org.springframework.beans.factory.support.AbstractAutowireCapableBeanFactory.createBean(AbstractAutowireCapableBeanFactory.java:529)
	at org.springframework.beans.factory.support.AbstractBeanFactory.lambda$doGetBean$0(AbstractBeanFactory.java:339)
	at org.springframework.beans.factory.support.DefaultSingletonBeanRegistry.getSingleton(DefaultSingletonBeanRegistry.java:373)
	at org.springframework.beans.factory.support.AbstractBeanFactory.doGetBean(AbstractBeanFactory.java:337)
	at org.springframework.beans.factory.support.AbstractBeanFactory.getBean(AbstractBeanFactory.java:202)
	at org.springframework.beans.factory.config.DependencyDescriptor.resolveCandidate(DependencyDescriptor.java:254)
	at org.springframework.beans.factory.support.DefaultListableBeanFactory.doResolveDependency(DefaultListableBeanFactory.java:1770)
	at org.springframework.beans.factory.support.DefaultListableBeanFactory.resolveDependency(DefaultListableBeanFactory.java:1653)
	at org.springframework.beans.factory.annotation.AutowiredAnnotationBeanPostProcessor$AutowiredFieldElement.resolveFieldValue(AutowiredAnnotationBeanPostProcessor.java:784)
	... 22 common frames omitted
Caused by: org.springframework.beans.factory.BeanCreationException: Error creating bean with name 'ownerMapper' defined in file [/Users/hanlinyao/Desktop/petcare-management/petcare-management-platform/target/classes/com/han/mapper/OwnerMapper.class]: org.apache.ibatis.builder.BuilderException: Error creating document instance.  Cause: org.xml.sax.SAXParseException; lineNumber: 2; columnNumber: 6; The processing instruction target matching "[xX][mM][lL]" is not allowed.
	at org.springframework.beans.factory.support.AbstractAutowireCapableBeanFactory.initializeBean(AbstractAutowireCapableBeanFactory.java:1826)
	at org.springframework.beans.factory.support.AbstractAutowireCapableBeanFactory.doCreateBean(AbstractAutowireCapableBeanFactory.java:607)
	at org.springframework.beans.factory.support.AbstractAutowireCapableBeanFactory.createBean(AbstractAutowireCapableBeanFactory.java:529)
	at org.springframework.beans.factory.support.AbstractBeanFactory.lambda$doGetBean$0(AbstractBeanFactory.java:339)
	at org.springframework.beans.factory.support.DefaultSingletonBeanRegistry.getSingleton(DefaultSingletonBeanRegistry.java:373)
	at org.springframework.beans.factory.support.AbstractBeanFactory.doGetBean(AbstractBeanFactory.java:337)
	at org.springframework.beans.factory.support.AbstractBeanFactory.getBean(AbstractBeanFactory.java:202)
	at org.springframework.beans.factory.support.DefaultListableBeanFactory.doResolveDependency(DefaultListableBeanFactory.java:1708)
	at org.springframework.beans.factory.support.DefaultListableBeanFactory.resolveDependency(DefaultListableBeanFactory.java:1653)
	at org.springframework.beans.factory.annotation.AutowiredAnnotationBeanPostProcessor$AutowiredFieldElement.resolveFieldValue(AutowiredAnnotationBeanPostProcessor.java:784)
	... 36 common frames omitted
Caused by: java.lang.IllegalArgumentException: org.apache.ibatis.builder.BuilderException: Error creating document instance.  Cause: org.xml.sax.SAXParseException; lineNumber: 2; columnNumber: 6; The processing instruction target matching "[xX][mM][lL]" is not allowed.
	at org.mybatis.spring.mapper.MapperFactoryBean.checkDaoConfig(MapperFactoryBean.java:79)
	at org.springframework.dao.support.DaoSupport.afterPropertiesSet(DaoSupport.java:44)
	at org.springframework.beans.factory.support.AbstractAutowireCapableBeanFactory.invokeInitMethods(AbstractAutowireCapableBeanFactory.java:1873)
	at org.springframework.beans.factory.support.AbstractAutowireCapableBeanFactory.initializeBean(AbstractAutowireCapableBeanFactory.java:1822)
	... 45 common frames omitted
Caused by: org.apache.ibatis.builder.BuilderException: Error creating document instance.  Cause: org.xml.sax.SAXParseException; lineNumber: 2; columnNumber: 6; The processing instruction target matching "[xX][mM][lL]" is not allowed.
	at org.apache.ibatis.parsing.XPathParser.createDocument(XPathParser.java:262)
	at org.apache.ibatis.parsing.XPathParser.<init>(XPathParser.java:127)
	at org.apache.ibatis.builder.xml.XMLMapperBuilder.<init>(XMLMapperBuilder.java:83)
	at org.apache.ibatis.builder.xml.XMLMapperBuilder.<init>(XMLMapperBuilder.java:77)
	at org.apache.ibatis.builder.annotation.MapperAnnotationBuilder.loadXmlResource(MapperAnnotationBuilder.java:163)
	at org.apache.ibatis.builder.annotation.MapperAnnotationBuilder.parse(MapperAnnotationBuilder.java:117)
	at org.apache.ibatis.binding.MapperRegistry.addMapper(MapperRegistry.java:72)
	at org.apache.ibatis.session.Configuration.addMapper(Configuration.java:943)
	at org.mybatis.spring.mapper.MapperFactoryBean.checkDaoConfig(MapperFactoryBean.java:76)
	... 48 common frames omitted
Caused by: org.xml.sax.SAXParseException; lineNumber: 2; columnNumber: 6; The processing instruction target matching "[xX][mM][lL]" is not allowed.
	at java.xml/com.sun.org.apache.xerces.internal.util.ErrorHandlerWrapper.createSAXParseException(ErrorHandlerWrapper.java:204)
	at java.xml/com.sun.org.apache.xerces.internal.util.ErrorHandlerWrapper.fatalError(ErrorHandlerWrapper.java:178)
	at java.xml/com.sun.org.apache.xerces.internal.impl.XMLErrorReporter.reportError(XMLErrorReporter.java:400)
	at java.xml/com.sun.org.apache.xerces.internal.impl.XMLErrorReporter.reportError(XMLErrorReporter.java:327)
	at java.xml/com.sun.org.apache.xerces.internal.impl.XMLScanner.reportFatalError(XMLScanner.java:1465)
	at java.xml/com.sun.org.apache.xerces.internal.impl.XMLScanner.scanPIData(XMLScanner.java:745)
	at java.xml/com.sun.org.apache.xerces.internal.impl.XMLDocumentFragmentScannerImpl.scanPIData(XMLDocumentFragmentScannerImpl.java:1059)
	at java.xml/com.sun.org.apache.xerces.internal.impl.XMLScanner.scanPI(XMLScanner.java:713)
	at java.xml/com.sun.org.apache.xerces.internal.impl.XMLDocumentScannerImpl$PrologDriver.next(XMLDocumentScannerImpl.java:891)
	at java.xml/com.sun.org.apache.xerces.internal.impl.XMLDocumentScannerImpl.next(XMLDocumentScannerImpl.java:605)
	at java.xml/com.sun.org.apache.xerces.internal.impl.XMLDocumentFragmentScannerImpl.scanDocument(XMLDocumentFragmentScannerImpl.java:542)
	at java.xml/com.sun.org.apache.xerces.internal.parsers.XML11Configuration.parse(XML11Configuration.java:889)
	at java.xml/com.sun.org.apache.xerces.internal.parsers.XML11Configuration.parse(XML11Configuration.java:825)
	at java.xml/com.sun.org.apache.xerces.internal.parsers.XMLParser.parse(XMLParser.java:141)
	at java.xml/com.sun.org.apache.xerces.internal.parsers.DOMParser.parse(DOMParser.java:247)
	at java.xml/com.sun.org.apache.xerces.internal.jaxp.DocumentBuilderImpl.parse(DocumentBuilderImpl.java:342)
	at org.apache.ibatis.parsing.XPathParser.createDocument(XPathParser.java:260)
	... 56 common frames omitted
2026-02-15 16:50:00.976 [main] INFO  com.han.PetcareManagementPlatformApplication-Starting PetcareManagementPlatformApplication using Java 19.0.2 with PID 44024 (/Users/hanlinyao/Desktop/petcare-management/petcare-management-platform/target/classes started by hanlinyao in /Users/hanlinyao/Desktop/petcare-management/petcare-management-platform)
2026-02-15 16:50:00.980 [main] INFO  com.han.PetcareManagementPlatformApplication-No active profile set, falling back to 1 default profile: "default"
2026-02-15 16:50:01.453 [main] INFO  o.s.boot.web.embedded.tomcat.TomcatWebServer-Tomcat initialized with port 8080 (http)
2026-02-15 16:50:01.460 [main] INFO  org.apache.coyote.http11.Http11NioProtocol-Initializing ProtocolHandler ["http-nio-8080"]
2026-02-15 16:50:01.460 [main] INFO  org.apache.catalina.core.StandardService-Starting service [Tomcat]
2026-02-15 16:50:01.460 [main] INFO  org.apache.catalina.core.StandardEngine-Starting Servlet engine: [Apache Tomcat/10.1.50]
2026-02-15 16:50:01.485 [main] INFO  o.a.c.core.ContainerBase.[Tomcat].[localhost].[/]-Initializing Spring embedded WebApplicationContext
2026-02-15 16:50:01.486 [main] INFO  o.s.b.w.s.c.ServletWebServerApplicationContext-Root WebApplicationContext: initialization completed in 488 ms
2026-02-15 16:50:01.656 [main] ERROR org.mybatis.spring.mapper.MapperFactoryBean-Error while adding the mapper 'interface com.han.mapper.OwnerMapper' to configuration.
org.apache.ibatis.builder.BuilderException: Error creating document instance.  Cause: org.xml.sax.SAXParseException; lineNumber: 2; columnNumber: 6; The processing instruction target matching "[xX][mM][lL]" is not allowed.
	at org.apache.ibatis.parsing.XPathParser.createDocument(XPathParser.java:262)
	at org.apache.ibatis.parsing.XPathParser.<init>(XPathParser.java:127)
	at org.apache.ibatis.builder.xml.XMLMapperBuilder.<init>(XMLMapperBuilder.java:83)
	at org.apache.ibatis.builder.xml.XMLMapperBuilder.<init>(XMLMapperBuilder.java:77)
	at org.apache.ibatis.builder.annotation.MapperAnnotationBuilder.loadXmlResource(MapperAnnotationBuilder.java:163)
	at org.apache.ibatis.builder.annotation.MapperAnnotationBuilder.parse(MapperAnnotationBuilder.java:117)
	at org.apache.ibatis.binding.MapperRegistry.addMapper(MapperRegistry.java:72)
	at org.apache.ibatis.session.Configuration.addMapper(Configuration.java:943)
	at org.mybatis.spring.mapper.MapperFactoryBean.checkDaoConfig(MapperFactoryBean.java:76)
	at org.springframework.dao.support.DaoSupport.afterPropertiesSet(DaoSupport.java:44)
	at org.springframework.beans.factory.support.AbstractAutowireCapableBeanFactory.invokeInitMethods(AbstractAutowireCapableBeanFactory.java:1873)
	at org.springframework.beans.factory.support.AbstractAutowireCapableBeanFactory.initializeBean(AbstractAutowireCapableBeanFactory.java:1822)
	at org.springframework.beans.factory.support.AbstractAutowireCapableBeanFactory.doCreateBean(AbstractAutowireCapableBeanFactory.java:607)
	at org.springframework.beans.factory.support.AbstractAutowireCapableBeanFactory.createBean(AbstractAutowireCapableBeanFactory.java:529)
	at org.springframework.beans.factory.support.AbstractBeanFactory.lambda$doGetBean$0(AbstractBeanFactory.java:339)
	at org.springframework.beans.factory.support.DefaultSingletonBeanRegistry.getSingleton(DefaultSingletonBeanRegistry.java:373)
	at org.springframework.beans.factory.support.AbstractBeanFactory.doGetBean(AbstractBeanFactory.java:337)
	at org.springframework.beans.factory.support.AbstractBeanFactory.getBean(AbstractBeanFactory.java:202)
	at org.springframework.beans.factory.support.DefaultListableBeanFactory.doResolveDependency(DefaultListableBeanFactory.java:1708)
	at org.springframework.beans.factory.support.DefaultListableBeanFactory.resolveDependency(DefaultListableBeanFactory.java:1653)
	at org.springframework.beans.factory.annotation.AutowiredAnnotationBeanPostProcessor$AutowiredFieldElement.resolveFieldValue(AutowiredAnnotationBeanPostProcessor.java:784)
	at org.springframework.beans.factory.annotation.AutowiredAnnotationBeanPostProcessor$AutowiredFieldElement.inject(AutowiredAnnotationBeanPostProcessor.java:767)
	at org.springframework.beans.factory.annotation.InjectionMetadata.inject(InjectionMetadata.java:146)
	at org.springframework.beans.factory.annotation.AutowiredAnnotationBeanPostProcessor.postProcessProperties(AutowiredAnnotationBeanPostProcessor.java:509)
	at org.springframework.beans.factory.support.AbstractAutowireCapableBeanFactory.populateBean(AbstractAutowireCapableBeanFactory.java:1459)
	at org.springframework.beans.factory.support.AbstractAutowireCapableBeanFactory.doCreateBean(AbstractAutowireCapableBeanFactory.java:606)
	at org.springframework.beans.factory.support.AbstractAutowireCapableBeanFactory.createBean(AbstractAutowireCapableBeanFactory.java:529)
	at org.springframework.beans.factory.support.AbstractBeanFactory.lambda$doGetBean$0(AbstractBeanFactory.java:339)
	at org.springframework.beans.factory.support.DefaultSingletonBeanRegistry.getSingleton(DefaultSingletonBeanRegistry.java:373)
	at org.springframework.beans.factory.support.AbstractBeanFactory.doGetBean(AbstractBeanFactory.java:337)
	at org.springframework.beans.factory.support.AbstractBeanFactory.getBean(AbstractBeanFactory.java:202)
	at org.springframework.beans.factory.config.DependencyDescriptor.resolveCandidate(DependencyDescriptor.java:254)
	at org.springframework.beans.factory.support.DefaultListableBeanFactory.doResolveDependency(DefaultListableBeanFactory.java:1770)
	at org.springframework.beans.factory.support.DefaultListableBeanFactory.resolveDependency(DefaultListableBeanFactory.java:1653)
	at org.springframework.beans.factory.annotation.AutowiredAnnotationBeanPostProcessor$AutowiredFieldElement.resolveFieldValue(AutowiredAnnotationBeanPostProcessor.java:784)
	at org.springframework.beans.factory.annotation.AutowiredAnnotationBeanPostProcessor$AutowiredFieldElement.inject(AutowiredAnnotationBeanPostProcessor.java:767)
	at org.springframework.beans.factory.annotation.InjectionMetadata.inject(InjectionMetadata.java:146)
	at org.springframework.beans.factory.annotation.AutowiredAnnotationBeanPostProcessor.postProcessProperties(AutowiredAnnotationBeanPostProcessor.java:509)
	at org.springframework.beans.factory.support.AbstractAutowireCapableBeanFactory.populateBean(AbstractAutowireCapableBeanFactory.java:1459)
	at org.springframework.beans.factory.support.AbstractAutowireCapableBeanFactory.doCreateBean(AbstractAutowireCapableBeanFactory.java:606)
	at org.springframework.beans.factory.support.AbstractAutowireCapableBeanFactory.createBean(AbstractAutowireCapableBeanFactory.java:529)
	at org.springframework.beans.factory.support.AbstractBeanFactory.lambda$doGetBean$0(AbstractBeanFactory.java:339)
	at org.springframework.beans.factory.support.DefaultSingletonBeanRegistry.getSingleton(DefaultSingletonBeanRegistry.java:373)
	at org.springframework.beans.factory.support.AbstractBeanFactory.doGetBean(AbstractBeanFactory.java:337)
	at org.springframework.beans.factory.support.AbstractBeanFactory.getBean(AbstractBeanFactory.java:202)
	at org.springframework.beans.factory.support.DefaultListableBeanFactory.instantiateSingleton(DefaultListableBeanFactory.java:1228)
	at org.springframework.beans.factory.support.DefaultListableBeanFactory.preInstantiateSingleton(DefaultListableBeanFactory.java:1194)
	at org.springframework.beans.factory.support.DefaultListableBeanFactory.preInstantiateSingletons(DefaultListableBeanFactory.java:1130)
	at org.springframework.context.support.AbstractApplicationContext.finishBeanFactoryInitialization(AbstractApplicationContext.java:990)
	at org.springframework.context.support.AbstractApplicationContext.refresh(AbstractApplicationContext.java:627)
	at org.springframework.boot.web.servlet.context.ServletWebServerApplicationContext.refresh(ServletWebServerApplicationContext.java:146)
	at org.springframework.boot.SpringApplication.refresh(SpringApplication.java:752)
	at org.springframework.boot.SpringApplication.refreshContext(SpringApplication.java:439)
	at org.springframework.boot.SpringApplication.run(SpringApplication.java:318)
	at org.springframework.boot.SpringApplication.run(SpringApplication.java:1361)
	at org.springframework.boot.SpringApplication.run(SpringApplication.java:1350)
	at com.han.PetcareManagementPlatformApplication.main(PetcareManagementPlatformApplication.java:10)
Caused by: org.xml.sax.SAXParseException; lineNumber: 2; columnNumber: 6; The processing instruction target matching "[xX][mM][lL]" is not allowed.
	at java.xml/com.sun.org.apache.xerces.internal.util.ErrorHandlerWrapper.createSAXParseException(ErrorHandlerWrapper.java:204)
	at java.xml/com.sun.org.apache.xerces.internal.util.ErrorHandlerWrapper.fatalError(ErrorHandlerWrapper.java:178)
	at java.xml/com.sun.org.apache.xerces.internal.impl.XMLErrorReporter.reportError(XMLErrorReporter.java:400)
	at java.xml/com.sun.org.apache.xerces.internal.impl.XMLErrorReporter.reportError(XMLErrorReporter.java:327)
	at java.xml/com.sun.org.apache.xerces.internal.impl.XMLScanner.reportFatalError(XMLScanner.java:1465)
	at java.xml/com.sun.org.apache.xerces.internal.impl.XMLScanner.scanPIData(XMLScanner.java:745)
	at java.xml/com.sun.org.apache.xerces.internal.impl.XMLDocumentFragmentScannerImpl.scanPIData(XMLDocumentFragmentScannerImpl.java:1059)
	at java.xml/com.sun.org.apache.xerces.internal.impl.XMLScanner.scanPI(XMLScanner.java:713)
	at java.xml/com.sun.org.apache.xerces.internal.impl.XMLDocumentScannerImpl$PrologDriver.next(XMLDocumentScannerImpl.java:891)
	at java.xml/com.sun.org.apache.xerces.internal.impl.XMLDocumentScannerImpl.next(XMLDocumentScannerImpl.java:605)
	at java.xml/com.sun.org.apache.xerces.internal.impl.XMLDocumentFragmentScannerImpl.scanDocument(XMLDocumentFragmentScannerImpl.java:542)
	at java.xml/com.sun.org.apache.xerces.internal.parsers.XML11Configuration.parse(XML11Configuration.java:889)
	at java.xml/com.sun.org.apache.xerces.internal.parsers.XML11Configuration.parse(XML11Configuration.java:825)
	at java.xml/com.sun.org.apache.xerces.internal.parsers.XMLParser.parse(XMLParser.java:141)
	at java.xml/com.sun.org.apache.xerces.internal.parsers.DOMParser.parse(DOMParser.java:247)
	at java.xml/com.sun.org.apache.xerces.internal.jaxp.DocumentBuilderImpl.parse(DocumentBuilderImpl.java:342)
	at org.apache.ibatis.parsing.XPathParser.createDocument(XPathParser.java:260)
	... 56 common frames omitted
2026-02-15 16:50:01.662 [main] WARN  o.s.b.w.s.c.AnnotationConfigServletWebServerApplicationContext-Exception encountered during context initialization - cancelling refresh attempt: org.springframework.beans.factory.UnsatisfiedDependencyException: Error creating bean with name 'ownerController': Unsatisfied dependency expressed through field 'ownerService': Error creating bean with name 'ownerServiceImpl': Unsatisfied dependency expressed through field 'ownerMapper': Error creating bean with name 'ownerMapper' defined in file [/Users/hanlinyao/Desktop/petcare-management/petcare-management-platform/target/classes/com/han/mapper/OwnerMapper.class]: org.apache.ibatis.builder.BuilderException: Error creating document instance.  Cause: org.xml.sax.SAXParseException; lineNumber: 2; columnNumber: 6; The processing instruction target matching "[xX][mM][lL]" is not allowed.
2026-02-15 16:50:01.665 [main] INFO  org.apache.catalina.core.StandardService-Stopping service [Tomcat]
2026-02-15 16:50:01.678 [main] INFO  o.s.b.a.logging.ConditionEvaluationReportLogger-

Error starting ApplicationContext. To display the condition evaluation report re-run your application with 'debug' enabled.
2026-02-15 16:50:01.700 [main] ERROR org.springframework.boot.SpringApplication-Application run failed
org.springframework.beans.factory.UnsatisfiedDependencyException: Error creating bean with name 'ownerController': Unsatisfied dependency expressed through field 'ownerService': Error creating bean with name 'ownerServiceImpl': Unsatisfied dependency expressed through field 'ownerMapper': Error creating bean with name 'ownerMapper' defined in file [/Users/hanlinyao/Desktop/petcare-management/petcare-management-platform/target/classes/com/han/mapper/OwnerMapper.class]: org.apache.ibatis.builder.BuilderException: Error creating document instance.  Cause: org.xml.sax.SAXParseException; lineNumber: 2; columnNumber: 6; The processing instruction target matching "[xX][mM][lL]" is not allowed.
	at org.springframework.beans.factory.annotation.AutowiredAnnotationBeanPostProcessor$AutowiredFieldElement.resolveFieldValue(AutowiredAnnotationBeanPostProcessor.java:787)
	at org.springframework.beans.factory.annotation.AutowiredAnnotationBeanPostProcessor$AutowiredFieldElement.inject(AutowiredAnnotationBeanPostProcessor.java:767)
	at org.springframework.beans.factory.annotation.InjectionMetadata.inject(InjectionMetadata.java:146)
	at org.springframework.beans.factory.annotation.AutowiredAnnotationBeanPostProcessor.postProcessProperties(AutowiredAnnotationBeanPostProcessor.java:509)
	at org.springframework.beans.factory.support.AbstractAutowireCapableBeanFactory.populateBean(AbstractAutowireCapableBeanFactory.java:1459)
	at org.springframework.beans.factory.support.AbstractAutowireCapableBeanFactory.doCreateBean(AbstractAutowireCapableBeanFactory.java:606)
	at org.springframework.beans.factory.support.AbstractAutowireCapableBeanFactory.createBean(AbstractAutowireCapableBeanFactory.java:529)
	at org.springframework.beans.factory.support.AbstractBeanFactory.lambda$doGetBean$0(AbstractBeanFactory.java:339)
	at org.springframework.beans.factory.support.DefaultSingletonBeanRegistry.getSingleton(DefaultSingletonBeanRegistry.java:373)
	at org.springframework.beans.factory.support.AbstractBeanFactory.doGetBean(AbstractBeanFactory.java:337)
	at org.springframework.beans.factory.support.AbstractBeanFactory.getBean(AbstractBeanFactory.java:202)
	at org.springframework.beans.factory.support.DefaultListableBeanFactory.instantiateSingleton(DefaultListableBeanFactory.java:1228)
	at org.springframework.beans.factory.support.DefaultListableBeanFactory.preInstantiateSingleton(DefaultListableBeanFactory.java:1194)
	at org.springframework.beans.factory.support.DefaultListableBeanFactory.preInstantiateSingletons(DefaultListableBeanFactory.java:1130)
	at org.springframework.context.support.AbstractApplicationContext.finishBeanFactoryInitialization(AbstractApplicationContext.java:990)
	at org.springframework.context.support.AbstractApplicationContext.refresh(AbstractApplicationContext.java:627)
	at org.springframework.boot.web.servlet.context.ServletWebServerApplicationContext.refresh(ServletWebServerApplicationContext.java:146)
	at org.springframework.boot.SpringApplication.refresh(SpringApplication.java:752)
	at org.springframework.boot.SpringApplication.refreshContext(SpringApplication.java:439)
	at org.springframework.boot.SpringApplication.run(SpringApplication.java:318)
	at org.springframework.boot.SpringApplication.run(SpringApplication.java:1361)
	at org.springframework.boot.SpringApplication.run(SpringApplication.java:1350)
	at com.han.PetcareManagementPlatformApplication.main(PetcareManagementPlatformApplication.java:10)
Caused by: org.springframework.beans.factory.UnsatisfiedDependencyException: Error creating bean with name 'ownerServiceImpl': Unsatisfied dependency expressed through field 'ownerMapper': Error creating bean with name 'ownerMapper' defined in file [/Users/hanlinyao/Desktop/petcare-management/petcare-management-platform/target/classes/com/han/mapper/OwnerMapper.class]: org.apache.ibatis.builder.BuilderException: Error creating document instance.  Cause: org.xml.sax.SAXParseException; lineNumber: 2; columnNumber: 6; The processing instruction target matching "[xX][mM][lL]" is not allowed.
	at org.springframework.beans.factory.annotation.AutowiredAnnotationBeanPostProcessor$AutowiredFieldElement.resolveFieldValue(AutowiredAnnotationBeanPostProcessor.java:787)
	at org.springframework.beans.factory.annotation.AutowiredAnnotationBeanPostProcessor$AutowiredFieldElement.inject(AutowiredAnnotationBeanPostProcessor.java:767)
	at org.springframework.beans.factory.annotation.InjectionMetadata.inject(InjectionMetadata.java:146)
	at org.springframework.beans.factory.annotation.AutowiredAnnotationBeanPostProcessor.postProcessProperties(AutowiredAnnotationBeanPostProcessor.java:509)
	at org.springframework.beans.factory.support.AbstractAutowireCapableBeanFactory.populateBean(AbstractAutowireCapableBeanFactory.java:1459)
	at org.springframework.beans.factory.support.AbstractAutowireCapableBeanFactory.doCreateBean(AbstractAutowireCapableBeanFactory.java:606)
	at org.springframework.beans.factory.support.AbstractAutowireCapableBeanFactory.createBean(AbstractAutowireCapableBeanFactory.java:529)
	at org.springframework.beans.factory.support.AbstractBeanFactory.lambda$doGetBean$0(AbstractBeanFactory.java:339)
	at org.springframework.beans.factory.support.DefaultSingletonBeanRegistry.getSingleton(DefaultSingletonBeanRegistry.java:373)
	at org.springframework.beans.factory.support.AbstractBeanFactory.doGetBean(AbstractBeanFactory.java:337)
	at org.springframework.beans.factory.support.AbstractBeanFactory.getBean(AbstractBeanFactory.java:202)
	at org.springframework.beans.factory.config.DependencyDescriptor.resolveCandidate(DependencyDescriptor.java:254)
	at org.springframework.beans.factory.support.DefaultListableBeanFactory.doResolveDependency(DefaultListableBeanFactory.java:1770)
	at org.springframework.beans.factory.support.DefaultListableBeanFactory.resolveDependency(DefaultListableBeanFactory.java:1653)
	at org.springframework.beans.factory.annotation.AutowiredAnnotationBeanPostProcessor$AutowiredFieldElement.resolveFieldValue(AutowiredAnnotationBeanPostProcessor.java:784)
	... 22 common frames omitted
Caused by: org.springframework.beans.factory.BeanCreationException: Error creating bean with name 'ownerMapper' defined in file [/Users/hanlinyao/Desktop/petcare-management/petcare-management-platform/target/classes/com/han/mapper/OwnerMapper.class]: org.apache.ibatis.builder.BuilderException: Error creating document instance.  Cause: org.xml.sax.SAXParseException; lineNumber: 2; columnNumber: 6; The processing instruction target matching "[xX][mM][lL]" is not allowed.
	at org.springframework.beans.factory.support.AbstractAutowireCapableBeanFactory.initializeBean(AbstractAutowireCapableBeanFactory.java:1826)
	at org.springframework.beans.factory.support.AbstractAutowireCapableBeanFactory.doCreateBean(AbstractAutowireCapableBeanFactory.java:607)
	at org.springframework.beans.factory.support.AbstractAutowireCapableBeanFactory.createBean(AbstractAutowireCapableBeanFactory.java:529)
	at org.springframework.beans.factory.support.AbstractBeanFactory.lambda$doGetBean$0(AbstractBeanFactory.java:339)
	at org.springframework.beans.factory.support.DefaultSingletonBeanRegistry.getSingleton(DefaultSingletonBeanRegistry.java:373)
	at org.springframework.beans.factory.support.AbstractBeanFactory.doGetBean(AbstractBeanFactory.java:337)
	at org.springframework.beans.factory.support.AbstractBeanFactory.getBean(AbstractBeanFactory.java:202)
	at org.springframework.beans.factory.support.DefaultListableBeanFactory.doResolveDependency(DefaultListableBeanFactory.java:1708)
	at org.springframework.beans.factory.support.DefaultListableBeanFactory.resolveDependency(DefaultListableBeanFactory.java:1653)
	at org.springframework.beans.factory.annotation.AutowiredAnnotationBeanPostProcessor$AutowiredFieldElement.resolveFieldValue(AutowiredAnnotationBeanPostProcessor.java:784)
	... 36 common frames omitted
Caused by: java.lang.IllegalArgumentException: org.apache.ibatis.builder.BuilderException: Error creating document instance.  Cause: org.xml.sax.SAXParseException; lineNumber: 2; columnNumber: 6; The processing instruction target matching "[xX][mM][lL]" is not allowed.
	at org.mybatis.spring.mapper.MapperFactoryBean.checkDaoConfig(MapperFactoryBean.java:79)
	at org.springframework.dao.support.DaoSupport.afterPropertiesSet(DaoSupport.java:44)
	at org.springframework.beans.factory.support.AbstractAutowireCapableBeanFactory.invokeInitMethods(AbstractAutowireCapableBeanFactory.java:1873)
	at org.springframework.beans.factory.support.AbstractAutowireCapableBeanFactory.initializeBean(AbstractAutowireCapableBeanFactory.java:1822)
	... 45 common frames omitted
Caused by: org.apache.ibatis.builder.BuilderException: Error creating document instance.  Cause: org.xml.sax.SAXParseException; lineNumber: 2; columnNumber: 6; The processing instruction target matching "[xX][mM][lL]" is not allowed.
	at org.apache.ibatis.parsing.XPathParser.createDocument(XPathParser.java:262)
	at org.apache.ibatis.parsing.XPathParser.<init>(XPathParser.java:127)
	at org.apache.ibatis.builder.xml.XMLMapperBuilder.<init>(XMLMapperBuilder.java:83)
	at org.apache.ibatis.builder.xml.XMLMapperBuilder.<init>(XMLMapperBuilder.java:77)
	at org.apache.ibatis.builder.annotation.MapperAnnotationBuilder.loadXmlResource(MapperAnnotationBuilder.java:163)
	at org.apache.ibatis.builder.annotation.MapperAnnotationBuilder.parse(MapperAnnotationBuilder.java:117)
	at org.apache.ibatis.binding.MapperRegistry.addMapper(MapperRegistry.java:72)
	at org.apache.ibatis.session.Configuration.addMapper(Configuration.java:943)
	at org.mybatis.spring.mapper.MapperFactoryBean.checkDaoConfig(MapperFactoryBean.java:76)
	... 48 common frames omitted
Caused by: org.xml.sax.SAXParseException; lineNumber: 2; columnNumber: 6; The processing instruction target matching "[xX][mM][lL]" is not allowed.
	at java.xml/com.sun.org.apache.xerces.internal.util.ErrorHandlerWrapper.createSAXParseException(ErrorHandlerWrapper.java:204)
	at java.xml/com.sun.org.apache.xerces.internal.util.ErrorHandlerWrapper.fatalError(ErrorHandlerWrapper.java:178)
	at java.xml/com.sun.org.apache.xerces.internal.impl.XMLErrorReporter.reportError(XMLErrorReporter.java:400)
	at java.xml/com.sun.org.apache.xerces.internal.impl.XMLErrorReporter.reportError(XMLErrorReporter.java:327)
	at java.xml/com.sun.org.apache.xerces.internal.impl.XMLScanner.reportFatalError(XMLScanner.java:1465)
	at java.xml/com.sun.org.apache.xerces.internal.impl.XMLScanner.scanPIData(XMLScanner.java:745)
	at java.xml/com.sun.org.apache.xerces.internal.impl.XMLDocumentFragmentScannerImpl.scanPIData(XMLDocumentFragmentScannerImpl.java:1059)
	at java.xml/com.sun.org.apache.xerces.internal.impl.XMLScanner.scanPI(XMLScanner.java:713)
	at java.xml/com.sun.org.apache.xerces.internal.impl.XMLDocumentScannerImpl$PrologDriver.next(XMLDocumentScannerImpl.java:891)
	at java.xml/com.sun.org.apache.xerces.internal.impl.XMLDocumentScannerImpl.next(XMLDocumentScannerImpl.java:605)
	at java.xml/com.sun.org.apache.xerces.internal.impl.XMLDocumentFragmentScannerImpl.scanDocument(XMLDocumentFragmentScannerImpl.java:542)
	at java.xml/com.sun.org.apache.xerces.internal.parsers.XML11Configuration.parse(XML11Configuration.java:889)
	at java.xml/com.sun.org.apache.xerces.internal.parsers.XML11Configuration.parse(XML11Configuration.java:825)
	at java.xml/com.sun.org.apache.xerces.internal.parsers.XMLParser.parse(XMLParser.java:141)
	at java.xml/com.sun.org.apache.xerces.internal.parsers.DOMParser.parse(DOMParser.java:247)
	at java.xml/com.sun.org.apache.xerces.internal.jaxp.DocumentBuilderImpl.parse(DocumentBuilderImpl.java:342)
	at org.apache.ibatis.parsing.XPathParser.createDocument(XPathParser.java:260)
	... 56 common frames omitted
2026-02-15 16:50:23.571 [main] INFO  com.han.PetcareManagementPlatformApplication-Starting PetcareManagementPlatformApplication using Java 19.0.2 with PID 44041 (/Users/hanlinyao/Desktop/petcare-management/petcare-management-platform/target/classes started by hanlinyao in /Users/hanlinyao/Desktop/petcare-management/petcare-management-platform)
2026-02-15 16:50:23.573 [main] INFO  com.han.PetcareManagementPlatformApplication-No active profile set, falling back to 1 default profile: "default"
2026-02-15 16:50:24.065 [main] INFO  o.s.boot.web.embedded.tomcat.TomcatWebServer-Tomcat initialized with port 8080 (http)
2026-02-15 16:50:24.072 [main] INFO  org.apache.coyote.http11.Http11NioProtocol-Initializing ProtocolHandler ["http-nio-8080"]
2026-02-15 16:50:24.073 [main] INFO  org.apache.catalina.core.StandardService-Starting service [Tomcat]
2026-02-15 16:50:24.073 [main] INFO  org.apache.catalina.core.StandardEngine-Starting Servlet engine: [Apache Tomcat/10.1.50]
2026-02-15 16:50:24.092 [main] INFO  o.a.c.core.ContainerBase.[Tomcat].[localhost].[/]-Initializing Spring embedded WebApplicationContext
2026-02-15 16:50:24.093 [main] INFO  o.s.b.w.s.c.ServletWebServerApplicationContext-Root WebApplicationContext: initialization completed in 500 ms
2026-02-15 16:50:24.279 [main] ERROR org.mybatis.spring.mapper.MapperFactoryBean-Error while adding the mapper 'interface com.han.mapper.OwnerMapper' to configuration.
org.apache.ibatis.builder.BuilderException: Error creating document instance.  Cause: org.xml.sax.SAXParseException; lineNumber: 2; columnNumber: 6; The processing instruction target matching "[xX][mM][lL]" is not allowed.
	at org.apache.ibatis.parsing.XPathParser.createDocument(XPathParser.java:262)
	at org.apache.ibatis.parsing.XPathParser.<init>(XPathParser.java:127)
	at org.apache.ibatis.builder.xml.XMLMapperBuilder.<init>(XMLMapperBuilder.java:83)
	at org.apache.ibatis.builder.xml.XMLMapperBuilder.<init>(XMLMapperBuilder.java:77)
	at org.apache.ibatis.builder.annotation.MapperAnnotationBuilder.loadXmlResource(MapperAnnotationBuilder.java:163)
	at org.apache.ibatis.builder.annotation.MapperAnnotationBuilder.parse(MapperAnnotationBuilder.java:117)
	at org.apache.ibatis.binding.MapperRegistry.addMapper(MapperRegistry.java:72)
	at org.apache.ibatis.session.Configuration.addMapper(Configuration.java:943)
	at org.mybatis.spring.mapper.MapperFactoryBean.checkDaoConfig(MapperFactoryBean.java:76)
	at org.springframework.dao.support.DaoSupport.afterPropertiesSet(DaoSupport.java:44)
	at org.springframework.beans.factory.support.AbstractAutowireCapableBeanFactory.invokeInitMethods(AbstractAutowireCapableBeanFactory.java:1873)
	at org.springframework.beans.factory.support.AbstractAutowireCapableBeanFactory.initializeBean(AbstractAutowireCapableBeanFactory.java:1822)
	at org.springframework.beans.factory.support.AbstractAutowireCapableBeanFactory.doCreateBean(AbstractAutowireCapableBeanFactory.java:607)
	at org.springframework.beans.factory.support.AbstractAutowireCapableBeanFactory.createBean(AbstractAutowireCapableBeanFactory.java:529)
	at org.springframework.beans.factory.support.AbstractBeanFactory.lambda$doGetBean$0(AbstractBeanFactory.java:339)
	at org.springframework.beans.factory.support.DefaultSingletonBeanRegistry.getSingleton(DefaultSingletonBeanRegistry.java:373)
	at org.springframework.beans.factory.support.AbstractBeanFactory.doGetBean(AbstractBeanFactory.java:337)
	at org.springframework.beans.factory.support.AbstractBeanFactory.getBean(AbstractBeanFactory.java:202)
	at org.springframework.beans.factory.support.DefaultListableBeanFactory.doResolveDependency(DefaultListableBeanFactory.java:1708)
	at org.springframework.beans.factory.support.DefaultListableBeanFactory.resolveDependency(DefaultListableBeanFactory.java:1653)
	at org.springframework.beans.factory.annotation.AutowiredAnnotationBeanPostProcessor$AutowiredFieldElement.resolveFieldValue(AutowiredAnnotationBeanPostProcessor.java:784)
	at org.springframework.beans.factory.annotation.AutowiredAnnotationBeanPostProcessor$AutowiredFieldElement.inject(AutowiredAnnotationBeanPostProcessor.java:767)
	at org.springframework.beans.factory.annotation.InjectionMetadata.inject(InjectionMetadata.java:146)
	at org.springframework.beans.factory.annotation.AutowiredAnnotationBeanPostProcessor.postProcessProperties(AutowiredAnnotationBeanPostProcessor.java:509)
	at org.springframework.beans.factory.support.AbstractAutowireCapableBeanFactory.populateBean(AbstractAutowireCapableBeanFactory.java:1459)
	at org.springframework.beans.factory.support.AbstractAutowireCapableBeanFactory.doCreateBean(AbstractAutowireCapableBeanFactory.java:606)
	at org.springframework.beans.factory.support.AbstractAutowireCapableBeanFactory.createBean(AbstractAutowireCapableBeanFactory.java:529)
	at org.springframework.beans.factory.support.AbstractBeanFactory.lambda$doGetBean$0(AbstractBeanFactory.java:339)
	at org.springframework.beans.factory.support.DefaultSingletonBeanRegistry.getSingleton(DefaultSingletonBeanRegistry.java:373)
	at org.springframework.beans.factory.support.AbstractBeanFactory.doGetBean(AbstractBeanFactory.java:337)
	at org.springframework.beans.factory.support.AbstractBeanFactory.getBean(AbstractBeanFactory.java:202)
	at org.springframework.beans.factory.config.DependencyDescriptor.resolveCandidate(DependencyDescriptor.java:254)
	at org.springframework.beans.factory.support.DefaultListableBeanFactory.doResolveDependency(DefaultListableBeanFactory.java:1770)
	at org.springframework.beans.factory.support.DefaultListableBeanFactory.resolveDependency(DefaultListableBeanFactory.java:1653)
	at org.springframework.beans.factory.annotation.AutowiredAnnotationBeanPostProcessor$AutowiredFieldElement.resolveFieldValue(AutowiredAnnotationBeanPostProcessor.java:784)
	at org.springframework.beans.factory.annotation.AutowiredAnnotationBeanPostProcessor$AutowiredFieldElement.inject(AutowiredAnnotationBeanPostProcessor.java:767)
	at org.springframework.beans.factory.annotation.InjectionMetadata.inject(InjectionMetadata.java:146)
	at org.springframework.beans.factory.annotation.AutowiredAnnotationBeanPostProcessor.postProcessProperties(AutowiredAnnotationBeanPostProcessor.java:509)
	at org.springframework.beans.factory.support.AbstractAutowireCapableBeanFactory.populateBean(AbstractAutowireCapableBeanFactory.java:1459)
	at org.springframework.beans.factory.support.AbstractAutowireCapableBeanFactory.doCreateBean(AbstractAutowireCapableBeanFactory.java:606)
	at org.springframework.beans.factory.support.AbstractAutowireCapableBeanFactory.createBean(AbstractAutowireCapableBeanFactory.java:529)
	at org.springframework.beans.factory.support.AbstractBeanFactory.lambda$doGetBean$0(AbstractBeanFactory.java:339)
	at org.springframework.beans.factory.support.DefaultSingletonBeanRegistry.getSingleton(DefaultSingletonBeanRegistry.java:373)
	at org.springframework.beans.factory.support.AbstractBeanFactory.doGetBean(AbstractBeanFactory.java:337)
	at org.springframework.beans.factory.support.AbstractBeanFactory.getBean(AbstractBeanFactory.java:202)
	at org.springframework.beans.factory.support.DefaultListableBeanFactory.instantiateSingleton(DefaultListableBeanFactory.java:1228)
	at org.springframework.beans.factory.support.DefaultListableBeanFactory.preInstantiateSingleton(DefaultListableBeanFactory.java:1194)
	at org.springframework.beans.factory.support.DefaultListableBeanFactory.preInstantiateSingletons(DefaultListableBeanFactory.java:1130)
	at org.springframework.context.support.AbstractApplicationContext.finishBeanFactoryInitialization(AbstractApplicationContext.java:990)
	at org.springframework.context.support.AbstractApplicationContext.refresh(AbstractApplicationContext.java:627)
	at org.springframework.boot.web.servlet.context.ServletWebServerApplicationContext.refresh(ServletWebServerApplicationContext.java:146)
	at org.springframework.boot.SpringApplication.refresh(SpringApplication.java:752)
	at org.springframework.boot.SpringApplication.refreshContext(SpringApplication.java:439)
	at org.springframework.boot.SpringApplication.run(SpringApplication.java:318)
	at org.springframework.boot.SpringApplication.run(SpringApplication.java:1361)
	at org.springframework.boot.SpringApplication.run(SpringApplication.java:1350)
	at com.han.PetcareManagementPlatformApplication.main(PetcareManagementPlatformApplication.java:10)
Caused by: org.xml.sax.SAXParseException; lineNumber: 2; columnNumber: 6; The processing instruction target matching "[xX][mM][lL]" is not allowed.
	at java.xml/com.sun.org.apache.xerces.internal.util.ErrorHandlerWrapper.createSAXParseException(ErrorHandlerWrapper.java:204)
	at java.xml/com.sun.org.apache.xerces.internal.util.ErrorHandlerWrapper.fatalError(ErrorHandlerWrapper.java:178)
	at java.xml/com.sun.org.apache.xerces.internal.impl.XMLErrorReporter.reportError(XMLErrorReporter.java:400)
	at java.xml/com.sun.org.apache.xerces.internal.impl.XMLErrorReporter.reportError(XMLErrorReporter.java:327)
	at java.xml/com.sun.org.apache.xerces.internal.impl.XMLScanner.reportFatalError(XMLScanner.java:1465)
	at java.xml/com.sun.org.apache.xerces.internal.impl.XMLScanner.scanPIData(XMLScanner.java:745)
	at java.xml/com.sun.org.apache.xerces.internal.impl.XMLDocumentFragmentScannerImpl.scanPIData(XMLDocumentFragmentScannerImpl.java:1059)
	at java.xml/com.sun.org.apache.xerces.internal.impl.XMLScanner.scanPI(XMLScanner.java:713)
	at java.xml/com.sun.org.apache.xerces.internal.impl.XMLDocumentScannerImpl$PrologDriver.next(XMLDocumentScannerImpl.java:891)
	at java.xml/com.sun.org.apache.xerces.internal.impl.XMLDocumentScannerImpl.next(XMLDocumentScannerImpl.java:605)
	at java.xml/com.sun.org.apache.xerces.internal.impl.XMLDocumentFragmentScannerImpl.scanDocument(XMLDocumentFragmentScannerImpl.java:542)
	at java.xml/com.sun.org.apache.xerces.internal.parsers.XML11Configuration.parse(XML11Configuration.java:889)
	at java.xml/com.sun.org.apache.xerces.internal.parsers.XML11Configuration.parse(XML11Configuration.java:825)
	at java.xml/com.sun.org.apache.xerces.internal.parsers.XMLParser.parse(XMLParser.java:141)
	at java.xml/com.sun.org.apache.xerces.internal.parsers.DOMParser.parse(DOMParser.java:247)
	at java.xml/com.sun.org.apache.xerces.internal.jaxp.DocumentBuilderImpl.parse(DocumentBuilderImpl.java:342)
	at org.apache.ibatis.parsing.XPathParser.createDocument(XPathParser.java:260)
	... 56 common frames omitted
2026-02-15 16:50:24.283 [main] WARN  o.s.b.w.s.c.AnnotationConfigServletWebServerApplicationContext-Exception encountered during context initialization - cancelling refresh attempt: org.springframework.beans.factory.UnsatisfiedDependencyException: Error creating bean with name 'ownerController': Unsatisfied dependency expressed through field 'ownerService': Error creating bean with name 'ownerServiceImpl': Unsatisfied dependency expressed through field 'ownerMapper': Error creating bean with name 'ownerMapper' defined in file [/Users/hanlinyao/Desktop/petcare-management/petcare-management-platform/target/classes/com/han/mapper/OwnerMapper.class]: org.apache.ibatis.builder.BuilderException: Error creating document instance.  Cause: org.xml.sax.SAXParseException; lineNumber: 2; columnNumber: 6; The processing instruction target matching "[xX][mM][lL]" is not allowed.
2026-02-15 16:50:24.285 [main] INFO  org.apache.catalina.core.StandardService-Stopping service [Tomcat]
2026-02-15 16:50:24.293 [main] INFO  o.s.b.a.logging.ConditionEvaluationReportLogger-

Error starting ApplicationContext. To display the condition evaluation report re-run your application with 'debug' enabled.
2026-02-15 16:50:24.303 [main] ERROR org.springframework.boot.SpringApplication-Application run failed
org.springframework.beans.factory.UnsatisfiedDependencyException: Error creating bean with name 'ownerController': Unsatisfied dependency expressed through field 'ownerService': Error creating bean with name 'ownerServiceImpl': Unsatisfied dependency expressed through field 'ownerMapper': Error creating bean with name 'ownerMapper' defined in file [/Users/hanlinyao/Desktop/petcare-management/petcare-management-platform/target/classes/com/han/mapper/OwnerMapper.class]: org.apache.ibatis.builder.BuilderException: Error creating document instance.  Cause: org.xml.sax.SAXParseException; lineNumber: 2; columnNumber: 6; The processing instruction target matching "[xX][mM][lL]" is not allowed.
	at org.springframework.beans.factory.annotation.AutowiredAnnotationBeanPostProcessor$AutowiredFieldElement.resolveFieldValue(AutowiredAnnotationBeanPostProcessor.java:787)
	at org.springframework.beans.factory.annotation.AutowiredAnnotationBeanPostProcessor$AutowiredFieldElement.inject(AutowiredAnnotationBeanPostProcessor.java:767)
	at org.springframework.beans.factory.annotation.InjectionMetadata.inject(InjectionMetadata.java:146)
	at org.springframework.beans.factory.annotation.AutowiredAnnotationBeanPostProcessor.postProcessProperties(AutowiredAnnotationBeanPostProcessor.java:509)
	at org.springframework.beans.factory.support.AbstractAutowireCapableBeanFactory.populateBean(AbstractAutowireCapableBeanFactory.java:1459)
	at org.springframework.beans.factory.support.AbstractAutowireCapableBeanFactory.doCreateBean(AbstractAutowireCapableBeanFactory.java:606)
	at org.springframework.beans.factory.support.AbstractAutowireCapableBeanFactory.createBean(AbstractAutowireCapableBeanFactory.java:529)
	at org.springframework.beans.factory.support.AbstractBeanFactory.lambda$doGetBean$0(AbstractBeanFactory.java:339)
	at org.springframework.beans.factory.support.DefaultSingletonBeanRegistry.getSingleton(DefaultSingletonBeanRegistry.java:373)
	at org.springframework.beans.factory.support.AbstractBeanFactory.doGetBean(AbstractBeanFactory.java:337)
	at org.springframework.beans.factory.support.AbstractBeanFactory.getBean(AbstractBeanFactory.java:202)
	at org.springframework.beans.factory.support.DefaultListableBeanFactory.instantiateSingleton(DefaultListableBeanFactory.java:1228)
	at org.springframework.beans.factory.support.DefaultListableBeanFactory.preInstantiateSingleton(DefaultListableBeanFactory.java:1194)
	at org.springframework.beans.factory.support.DefaultListableBeanFactory.preInstantiateSingletons(DefaultListableBeanFactory.java:1130)
	at org.springframework.context.support.AbstractApplicationContext.finishBeanFactoryInitialization(AbstractApplicationContext.java:990)
	at org.springframework.context.support.AbstractApplicationContext.refresh(AbstractApplicationContext.java:627)
	at org.springframework.boot.web.servlet.context.ServletWebServerApplicationContext.refresh(ServletWebServerApplicationContext.java:146)
	at org.springframework.boot.SpringApplication.refresh(SpringApplication.java:752)
	at org.springframework.boot.SpringApplication.refreshContext(SpringApplication.java:439)
	at org.springframework.boot.SpringApplication.run(SpringApplication.java:318)
	at org.springframework.boot.SpringApplication.run(SpringApplication.java:1361)
	at org.springframework.boot.SpringApplication.run(SpringApplication.java:1350)
	at com.han.PetcareManagementPlatformApplication.main(PetcareManagementPlatformApplication.java:10)
Caused by: org.springframework.beans.factory.UnsatisfiedDependencyException: Error creating bean with name 'ownerServiceImpl': Unsatisfied dependency expressed through field 'ownerMapper': Error creating bean with name 'ownerMapper' defined in file [/Users/hanlinyao/Desktop/petcare-management/petcare-management-platform/target/classes/com/han/mapper/OwnerMapper.class]: org.apache.ibatis.builder.BuilderException: Error creating document instance.  Cause: org.xml.sax.SAXParseException; lineNumber: 2; columnNumber: 6; The processing instruction target matching "[xX][mM][lL]" is not allowed.
	at org.springframework.beans.factory.annotation.AutowiredAnnotationBeanPostProcessor$AutowiredFieldElement.resolveFieldValue(AutowiredAnnotationBeanPostProcessor.java:787)
	at org.springframework.beans.factory.annotation.AutowiredAnnotationBeanPostProcessor$AutowiredFieldElement.inject(AutowiredAnnotationBeanPostProcessor.java:767)
	at org.springframework.beans.factory.annotation.InjectionMetadata.inject(InjectionMetadata.java:146)
	at org.springframework.beans.factory.annotation.AutowiredAnnotationBeanPostProcessor.postProcessProperties(AutowiredAnnotationBeanPostProcessor.java:509)
	at org.springframework.beans.factory.support.AbstractAutowireCapableBeanFactory.populateBean(AbstractAutowireCapableBeanFactory.java:1459)
	at org.springframework.beans.factory.support.AbstractAutowireCapableBeanFactory.doCreateBean(AbstractAutowireCapableBeanFactory.java:606)
	at org.springframework.beans.factory.support.AbstractAutowireCapableBeanFactory.createBean(AbstractAutowireCapableBeanFactory.java:529)
	at org.springframework.beans.factory.support.AbstractBeanFactory.lambda$doGetBean$0(AbstractBeanFactory.java:339)
	at org.springframework.beans.factory.support.DefaultSingletonBeanRegistry.getSingleton(DefaultSingletonBeanRegistry.java:373)
	at org.springframework.beans.factory.support.AbstractBeanFactory.doGetBean(AbstractBeanFactory.java:337)
	at org.springframework.beans.factory.support.AbstractBeanFactory.getBean(AbstractBeanFactory.java:202)
	at org.springframework.beans.factory.config.DependencyDescriptor.resolveCandidate(DependencyDescriptor.java:254)
	at org.springframework.beans.factory.support.DefaultListableBeanFactory.doResolveDependency(DefaultListableBeanFactory.java:1770)
	at org.springframework.beans.factory.support.DefaultListableBeanFactory.resolveDependency(DefaultListableBeanFactory.java:1653)
	at org.springframework.beans.factory.annotation.AutowiredAnnotationBeanPostProcessor$AutowiredFieldElement.resolveFieldValue(AutowiredAnnotationBeanPostProcessor.java:784)
	... 22 common frames omitted
Caused by: org.springframework.beans.factory.BeanCreationException: Error creating bean with name 'ownerMapper' defined in file [/Users/hanlinyao/Desktop/petcare-management/petcare-management-platform/target/classes/com/han/mapper/OwnerMapper.class]: org.apache.ibatis.builder.BuilderException: Error creating document instance.  Cause: org.xml.sax.SAXParseException; lineNumber: 2; columnNumber: 6; The processing instruction target matching "[xX][mM][lL]" is not allowed.
	at org.springframework.beans.factory.support.AbstractAutowireCapableBeanFactory.initializeBean(AbstractAutowireCapableBeanFactory.java:1826)
	at org.springframework.beans.factory.support.AbstractAutowireCapableBeanFactory.doCreateBean(AbstractAutowireCapableBeanFactory.java:607)
	at org.springframework.beans.factory.support.AbstractAutowireCapableBeanFactory.createBean(AbstractAutowireCapableBeanFactory.java:529)
	at org.springframework.beans.factory.support.AbstractBeanFactory.lambda$doGetBean$0(AbstractBeanFactory.java:339)
	at org.springframework.beans.factory.support.DefaultSingletonBeanRegistry.getSingleton(DefaultSingletonBeanRegistry.java:373)
	at org.springframework.beans.factory.support.AbstractBeanFactory.doGetBean(AbstractBeanFactory.java:337)
	at org.springframework.beans.factory.support.AbstractBeanFactory.getBean(AbstractBeanFactory.java:202)
	at org.springframework.beans.factory.support.DefaultListableBeanFactory.doResolveDependency(DefaultListableBeanFactory.java:1708)
	at org.springframework.beans.factory.support.DefaultListableBeanFactory.resolveDependency(DefaultListableBeanFactory.java:1653)
	at org.springframework.beans.factory.annotation.AutowiredAnnotationBeanPostProcessor$AutowiredFieldElement.resolveFieldValue(AutowiredAnnotationBeanPostProcessor.java:784)
	... 36 common frames omitted
Caused by: java.lang.IllegalArgumentException: org.apache.ibatis.builder.BuilderException: Error creating document instance.  Cause: org.xml.sax.SAXParseException; lineNumber: 2; columnNumber: 6; The processing instruction target matching "[xX][mM][lL]" is not allowed.
	at org.mybatis.spring.mapper.MapperFactoryBean.checkDaoConfig(MapperFactoryBean.java:79)
	at org.springframework.dao.support.DaoSupport.afterPropertiesSet(DaoSupport.java:44)
	at org.springframework.beans.factory.support.AbstractAutowireCapableBeanFactory.invokeInitMethods(AbstractAutowireCapableBeanFactory.java:1873)
	at org.springframework.beans.factory.support.AbstractAutowireCapableBeanFactory.initializeBean(AbstractAutowireCapableBeanFactory.java:1822)
	... 45 common frames omitted
Caused by: org.apache.ibatis.builder.BuilderException: Error creating document instance.  Cause: org.xml.sax.SAXParseException; lineNumber: 2; columnNumber: 6; The processing instruction target matching "[xX][mM][lL]" is not allowed.
	at org.apache.ibatis.parsing.XPathParser.createDocument(XPathParser.java:262)
	at org.apache.ibatis.parsing.XPathParser.<init>(XPathParser.java:127)
	at org.apache.ibatis.builder.xml.XMLMapperBuilder.<init>(XMLMapperBuilder.java:83)
	at org.apache.ibatis.builder.xml.XMLMapperBuilder.<init>(XMLMapperBuilder.java:77)
	at org.apache.ibatis.builder.annotation.MapperAnnotationBuilder.loadXmlResource(MapperAnnotationBuilder.java:163)
	at org.apache.ibatis.builder.annotation.MapperAnnotationBuilder.parse(MapperAnnotationBuilder.java:117)
	at org.apache.ibatis.binding.MapperRegistry.addMapper(MapperRegistry.java:72)
	at org.apache.ibatis.session.Configuration.addMapper(Configuration.java:943)
	at org.mybatis.spring.mapper.MapperFactoryBean.checkDaoConfig(MapperFactoryBean.java:76)
	... 48 common frames omitted
Caused by: org.xml.sax.SAXParseException; lineNumber: 2; columnNumber: 6; The processing instruction target matching "[xX][mM][lL]" is not allowed.
	at java.xml/com.sun.org.apache.xerces.internal.util.ErrorHandlerWrapper.createSAXParseException(ErrorHandlerWrapper.java:204)
	at java.xml/com.sun.org.apache.xerces.internal.util.ErrorHandlerWrapper.fatalError(ErrorHandlerWrapper.java:178)
	at java.xml/com.sun.org.apache.xerces.internal.impl.XMLErrorReporter.reportError(XMLErrorReporter.java:400)
	at java.xml/com.sun.org.apache.xerces.internal.impl.XMLErrorReporter.reportError(XMLErrorReporter.java:327)
	at java.xml/com.sun.org.apache.xerces.internal.impl.XMLScanner.reportFatalError(XMLScanner.java:1465)
	at java.xml/com.sun.org.apache.xerces.internal.impl.XMLScanner.scanPIData(XMLScanner.java:745)
	at java.xml/com.sun.org.apache.xerces.internal.impl.XMLDocumentFragmentScannerImpl.scanPIData(XMLDocumentFragmentScannerImpl.java:1059)
	at java.xml/com.sun.org.apache.xerces.internal.impl.XMLScanner.scanPI(XMLScanner.java:713)
	at java.xml/com.sun.org.apache.xerces.internal.impl.XMLDocumentScannerImpl$PrologDriver.next(XMLDocumentScannerImpl.java:891)
	at java.xml/com.sun.org.apache.xerces.internal.impl.XMLDocumentScannerImpl.next(XMLDocumentScannerImpl.java:605)
	at java.xml/com.sun.org.apache.xerces.internal.impl.XMLDocumentFragmentScannerImpl.scanDocument(XMLDocumentFragmentScannerImpl.java:542)
	at java.xml/com.sun.org.apache.xerces.internal.parsers.XML11Configuration.parse(XML11Configuration.java:889)
	at java.xml/com.sun.org.apache.xerces.internal.parsers.XML11Configuration.parse(XML11Configuration.java:825)
	at java.xml/com.sun.org.apache.xerces.internal.parsers.XMLParser.parse(XMLParser.java:141)
	at java.xml/com.sun.org.apache.xerces.internal.parsers.DOMParser.parse(DOMParser.java:247)
	at java.xml/com.sun.org.apache.xerces.internal.jaxp.DocumentBuilderImpl.parse(DocumentBuilderImpl.java:342)
	at org.apache.ibatis.parsing.XPathParser.createDocument(XPathParser.java:260)
	... 56 common frames omitted
2026-02-15 16:51:13.840 [main] INFO  com.han.PetcareManagementPlatformApplication-Starting PetcareManagementPlatformApplication using Java 19.0.2 with PID 44058 (/Users/hanlinyao/Desktop/petcare-management/petcare-management-platform/target/classes started by hanlinyao in /Users/hanlinyao/Desktop/petcare-management/petcare-management-platform)
2026-02-15 16:51:13.843 [main] INFO  com.han.PetcareManagementPlatformApplication-No active profile set, falling back to 1 default profile: "default"
2026-02-15 16:51:14.340 [main] INFO  o.s.boot.web.embedded.tomcat.TomcatWebServer-Tomcat initialized with port 8080 (http)
2026-02-15 16:51:14.345 [main] INFO  org.apache.coyote.http11.Http11NioProtocol-Initializing ProtocolHandler ["http-nio-8080"]
2026-02-15 16:51:14.346 [main] INFO  org.apache.catalina.core.StandardService-Starting service [Tomcat]
2026-02-15 16:51:14.346 [main] INFO  org.apache.catalina.core.StandardEngine-Starting Servlet engine: [Apache Tomcat/10.1.50]
2026-02-15 16:51:14.371 [main] INFO  o.a.c.core.ContainerBase.[Tomcat].[localhost].[/]-Initializing Spring embedded WebApplicationContext
2026-02-15 16:51:14.371 [main] INFO  o.s.b.w.s.c.ServletWebServerApplicationContext-Root WebApplicationContext: initialization completed in 509 ms
2026-02-15 16:51:14.743 [main] INFO  org.apache.coyote.http11.Http11NioProtocol-Starting ProtocolHandler ["http-nio-8080"]
2026-02-15 16:51:14.750 [main] INFO  o.s.boot.web.embedded.tomcat.TomcatWebServer-Tomcat started on port 8080 (http) with context path '/'
2026-02-15 16:51:14.755 [main] INFO  com.han.PetcareManagementPlatformApplication-Started PetcareManagementPlatformApplication in 1.109 seconds (process running for 2.725)
2026-02-15 16:51:33.773 [http-nio-8080-exec-1] INFO  o.a.c.core.ContainerBase.[Tomcat].[localhost].[/]-Initializing Spring DispatcherServlet 'dispatcherServlet'
2026-02-15 16:51:33.774 [http-nio-8080-exec-1] INFO  org.springframework.web.servlet.DispatcherServlet-Initializing Servlet 'dispatcherServlet'
2026-02-15 16:51:33.775 [http-nio-8080-exec-1] INFO  org.springframework.web.servlet.DispatcherServlet-Completed initialization in 1 ms
2026-02-15 16:51:33.808 [http-nio-8080-exec-1] INFO  com.han.controller.OwnerController-分页查询参数：OwnerQueryParam(page=1, pageSize=5, name=a, gender=2, begin=null, end=null)
2026-02-15 16:51:33.831 [http-nio-8080-exec-1] ERROR o.a.c.c.C.[.[localhost].[/].[dispatcherServlet]-Servlet.service() for servlet [dispatcherServlet] in context with path [] threw exception [Request processing failed: org.mybatis.spring.MyBatisSystemException: 
### Error querying database.  Cause: org.apache.ibatis.reflection.ReflectionException: There is no getter for property named 'phone' in 'class com.han.pojo.OwnerQueryParam'
### Cause: org.apache.ibatis.reflection.ReflectionException: There is no getter for property named 'phone' in 'class com.han.pojo.OwnerQueryParam'] with root cause
org.apache.ibatis.reflection.ReflectionException: There is no getter for property named 'phone' in 'class com.han.pojo.OwnerQueryParam'
	at org.apache.ibatis.reflection.Reflector.getGetInvoker(Reflector.java:385)
	at org.apache.ibatis.reflection.MetaClass.getGetInvoker(MetaClass.java:160)
	at org.apache.ibatis.reflection.wrapper.BeanWrapper.getBeanProperty(BeanWrapper.java:156)
	at org.apache.ibatis.reflection.wrapper.BeanWrapper.get(BeanWrapper.java:50)
	at org.apache.ibatis.reflection.MetaObject.getValue(MetaObject.java:115)
	at org.apache.ibatis.scripting.xmltags.DynamicContext$ContextMap.get(DynamicContext.java:102)
	at org.apache.ibatis.scripting.xmltags.DynamicContext$ContextAccessor.getProperty(DynamicContext.java:112)
	at org.apache.ibatis.ognl.OgnlRuntime.getProperty(OgnlRuntime.java:2352)
	at org.apache.ibatis.ognl.ASTProperty.getValueBody(ASTProperty.java:95)
	at org.apache.ibatis.ognl.SimpleNode.evaluateGetValueBody(SimpleNode.java:171)
	at org.apache.ibatis.ognl.SimpleNode.getValue(SimpleNode.java:206)
	at org.apache.ibatis.ognl.ASTNotEq.getValueBody(ASTNotEq.java:34)
	at org.apache.ibatis.ognl.SimpleNode.evaluateGetValueBody(SimpleNode.java:171)
	at org.apache.ibatis.ognl.SimpleNode.getValue(SimpleNode.java:206)
	at org.apache.ibatis.ognl.ASTAnd.getValueBody(ASTAnd.java:45)
	at org.apache.ibatis.ognl.SimpleNode.evaluateGetValueBody(SimpleNode.java:171)
	at org.apache.ibatis.ognl.SimpleNode.getValue(SimpleNode.java:206)
	at org.apache.ibatis.ognl.Ognl.getValue(Ognl.java:408)
	at org.apache.ibatis.ognl.Ognl.getValue(Ognl.java:383)
	at org.apache.ibatis.scripting.xmltags.OgnlCache.getValue(OgnlCache.java:47)
	at org.apache.ibatis.scripting.xmltags.ExpressionEvaluator.evaluateBoolean(ExpressionEvaluator.java:34)
	at org.apache.ibatis.scripting.xmltags.IfSqlNode.apply(IfSqlNode.java:33)
	at org.apache.ibatis.scripting.xmltags.MixedSqlNode.lambda$apply$0(MixedSqlNode.java:32)
	at java.base/java.util.ArrayList.forEach(ArrayList.java:1511)
	at org.apache.ibatis.scripting.xmltags.MixedSqlNode.apply(MixedSqlNode.java:32)
	at org.apache.ibatis.scripting.xmltags.TrimSqlNode.apply(TrimSqlNode.java:58)
	at org.apache.ibatis.scripting.xmltags.MixedSqlNode.lambda$apply$0(MixedSqlNode.java:32)
	at java.base/java.util.ArrayList.forEach(ArrayList.java:1511)
	at org.apache.ibatis.scripting.xmltags.MixedSqlNode.apply(MixedSqlNode.java:32)
	at org.apache.ibatis.scripting.xmltags.DynamicSqlSource.getBoundSql(DynamicSqlSource.java:39)
	at org.apache.ibatis.mapping.MappedStatement.getBoundSql(MappedStatement.java:320)
	at com.github.pagehelper.PageInterceptor.intercept(PageInterceptor.java:119)
	at org.apache.ibatis.plugin.Plugin.invoke(Plugin.java:59)
	at jdk.proxy2/jdk.proxy2.$Proxy90.query(Unknown Source)
	at org.apache.ibatis.session.defaults.DefaultSqlSession.selectList(DefaultSqlSession.java:154)
	at org.apache.ibatis.session.defaults.DefaultSqlSession.selectList(DefaultSqlSession.java:147)
	at org.apache.ibatis.session.defaults.DefaultSqlSession.selectList(DefaultSqlSession.java:142)
	at java.base/jdk.internal.reflect.DirectMethodHandleAccessor.invoke(DirectMethodHandleAccessor.java:104)
	at java.base/java.lang.reflect.Method.invoke(Method.java:578)
	at org.mybatis.spring.SqlSessionTemplate$SqlSessionInterceptor.invoke(SqlSessionTemplate.java:333)
	at jdk.proxy2/jdk.proxy2.$Proxy68.selectList(Unknown Source)
	at org.mybatis.spring.SqlSessionTemplate.selectList(SqlSessionTemplate.java:194)
	at org.apache.ibatis.binding.MapperMethod.executeForMany(MapperMethod.java:147)
	at org.apache.ibatis.binding.MapperMethod.execute(MapperMethod.java:80)
	at org.apache.ibatis.binding.MapperProxy$PlainMethodInvoker.invoke(MapperProxy.java:141)
	at org.apache.ibatis.binding.MapperProxy.invoke(MapperProxy.java:86)
	at jdk.proxy2/jdk.proxy2.$Proxy80.list(Unknown Source)
	at com.han.service.impl.OwnerServiceImpl.page(OwnerServiceImpl.java:22)
	at com.han.controller.OwnerController.page(OwnerController.java:24)
	at java.base/jdk.internal.reflect.DirectMethodHandleAccessor.invoke(DirectMethodHandleAccessor.java:104)
	at java.base/java.lang.reflect.Method.invoke(Method.java:578)
	at org.springframework.web.method.support.InvocableHandlerMethod.doInvoke(InvocableHandlerMethod.java:258)
	at org.springframework.web.method.support.InvocableHandlerMethod.invokeForRequest(InvocableHandlerMethod.java:191)
	at org.springframework.web.servlet.mvc.method.annotation.ServletInvocableHandlerMethod.invokeAndHandle(ServletInvocableHandlerMethod.java:118)
	at org.springframework.web.servlet.mvc.method.annotation.RequestMappingHandlerAdapter.invokeHandlerMethod(RequestMappingHandlerAdapter.java:991)
	at org.springframework.web.servlet.mvc.method.annotation.RequestMappingHandlerAdapter.handleInternal(RequestMappingHandlerAdapter.java:896)
	at org.springframework.web.servlet.mvc.method.AbstractHandlerMethodAdapter.handle(AbstractHandlerMethodAdapter.java:87)
	at org.springframework.web.servlet.DispatcherServlet.doDispatch(DispatcherServlet.java:1089)
	at org.springframework.web.servlet.DispatcherServlet.doService(DispatcherServlet.java:979)
	at org.springframework.web.servlet.FrameworkServlet.processRequest(FrameworkServlet.java:1014)
	at org.springframework.web.servlet.FrameworkServlet.doGet(FrameworkServlet.java:903)
	at jakarta.servlet.http.HttpServlet.service(HttpServlet.java:564)
	at org.springframework.web.servlet.FrameworkServlet.service(FrameworkServlet.java:885)
	at jakarta.servlet.http.HttpServlet.service(HttpServlet.java:658)
	at org.apache.catalina.core.ApplicationFilterChain.internalDoFilter(ApplicationFilterChain.java:193)
	at org.apache.catalina.core.ApplicationFilterChain.doFilter(ApplicationFilterChain.java:138)
	at org.apache.tomcat.websocket.server.WsFilter.doFilter(WsFilter.java:51)
	at org.apache.catalina.core.ApplicationFilterChain.internalDoFilter(ApplicationFilterChain.java:162)
	at org.apache.catalina.core.ApplicationFilterChain.doFilter(ApplicationFilterChain.java:138)
	at org.springframework.web.filter.RequestContextFilter.doFilterInternal(RequestContextFilter.java:100)
	at org.springframework.web.filter.OncePerRequestFilter.doFilter(OncePerRequestFilter.java:116)
	at org.apache.catalina.core.ApplicationFilterChain.internalDoFilter(ApplicationFilterChain.java:162)
	at org.apache.catalina.core.ApplicationFilterChain.doFilter(ApplicationFilterChain.java:138)
	at org.springframework.web.filter.FormContentFilter.doFilterInternal(FormContentFilter.java:93)
	at org.springframework.web.filter.OncePerRequestFilter.doFilter(OncePerRequestFilter.java:116)
	at org.apache.catalina.core.ApplicationFilterChain.internalDoFilter(ApplicationFilterChain.java:162)
	at org.apache.catalina.core.ApplicationFilterChain.doFilter(ApplicationFilterChain.java:138)
	at org.springframework.web.filter.CharacterEncodingFilter.doFilterInternal(CharacterEncodingFilter.java:201)
	at org.springframework.web.filter.OncePerRequestFilter.doFilter(OncePerRequestFilter.java:116)
	at org.apache.catalina.core.ApplicationFilterChain.internalDoFilter(ApplicationFilterChain.java:162)
	at org.apache.catalina.core.ApplicationFilterChain.doFilter(ApplicationFilterChain.java:138)
	at org.apache.catalina.core.StandardWrapperValve.invoke(StandardWrapperValve.java:165)
	at org.apache.catalina.core.StandardContextValve.invoke(StandardContextValve.java:88)
	at org.apache.catalina.authenticator.AuthenticatorBase.invoke(AuthenticatorBase.java:482)
	at org.apache.catalina.core.StandardHostValve.invoke(StandardHostValve.java:113)
	at org.apache.catalina.valves.ErrorReportValve.invoke(ErrorReportValve.java:83)
	at org.apache.catalina.core.StandardEngineValve.invoke(StandardEngineValve.java:72)
	at org.apache.catalina.connector.CoyoteAdapter.service(CoyoteAdapter.java:342)
	at org.apache.coyote.http11.Http11Processor.service(Http11Processor.java:399)
	at org.apache.coyote.AbstractProcessorLight.process(AbstractProcessorLight.java:63)
	at org.apache.coyote.AbstractProtocol$ConnectionHandler.process(AbstractProtocol.java:903)
	at org.apache.tomcat.util.net.NioEndpoint$SocketProcessor.doRun(NioEndpoint.java:1774)
	at org.apache.tomcat.util.net.SocketProcessorBase.run(SocketProcessorBase.java:52)
	at org.apache.tomcat.util.threads.ThreadPoolExecutor.runWorker(ThreadPoolExecutor.java:973)
	at org.apache.tomcat.util.threads.ThreadPoolExecutor$Worker.run(ThreadPoolExecutor.java:491)
	at org.apache.tomcat.util.threads.TaskThread$WrappingRunnable.run(TaskThread.java:63)
	at java.base/java.lang.Thread.run(Thread.java:1589)
